comparison,scorer,im_size,expected,n,repeats,reject_rate,reject_lo,reject_hi,KS,KS_sd,KS_p,KS_p_sd,CVM,CVM_sd,CVM_p,CVM_p_sd,AD,AD_sd,AD_p,AD_p_sd,KL,KL_sd,JS,JS_sd,wasserstein,wasserstein_sd,KS_p_median
control-disjoint,entropy-2-mse,32,accept,4000,100,0.02,0.005501852234968185,0.07001316294199365,0.017159999999999998,0.005543974206289203,0.6066512719229549,0.30145535974280785,0.16882894984383484,0.1281986380056139,0.4820047459089376,0.29708702122988395,0.011609088711156058,0.9062381616296291,0.2148251965598645,0.06403130301002487,0.011278154715762772,0.0024240524861414816,0.06302290319965564,0.006808192261275654,0.0008843554687499996,0.0002816214648963329,0.6381981001178448
cifar10-vs-cifar100,entropy-2-mse,32,reject,4000,100,0.22,0.15001174503655804,0.3107053471500031,0.0242925,0.008279798835116708,0.31990552403967987,0.30620202702841126,0.4444268162500816,0.35571803503895055,0.19809165180233887,0.2361425545504775,2.044202812865155,2.4270709037640126,0.11091603111717292,0.09779894708330632,0.012216254751901318,0.002580803923062622,0.06465176382238123,0.006485748044444121,0.0013640039062499994,0.0004712743838854562,0.185644521009531
cifar-vs-imagenet64,entropy-2-mse,32,reject,4000,100,0.87,0.7901947810519012,0.9224290614158575,0.0403875,0.008666701722685511,0.02486902598629277,0.05928959540901854,1.403357410625074,0.6218782732781065,0.0065771536988863295,0.019285595945943715,8.837594487545646,4.3710706996169275,0.005343771258232912,0.01569456241951408,0.014965957379782733,0.003279794902641876,0.07141231245393222,0.0077570617081869275,0.0023834375,0.0005381684785262852,0.0026055501044302946
cifar-vs-dtd,entropy-2-mse,32,reject,4000,100,0.51,0.4134784047743415,0.6057816990761385,0.0304725,0.005130532988881371,0.08379101043729159,0.10184419795023829,0.6196746673438384,0.21170892031627092,0.038311932253542486,0.04878737633499696,5.582386498253292,2.073762992311204,0.007330492290290816,0.013131000104909906,0.01833079760401757,0.0038422104354827705,0.07721185773035649,0.007141257302431624,0.002086298828125,0.00033640217156247947,0.048413395911248366
cifar-vs-oneclass,entropy-2-mse,32,reject,3000,100,0.01,0.0017673865655472645,0.0544875247609346,0.01857666666666667,0.004730951278548533,0.6748427470422953,0.23721932984010907,0.13916400277774074,0.09550659991095346,0.529442151847644,0.2569476551697336,0.0744035799713776,0.7571807362675747,0.21645279549233515,0.06104428458513757,0.014369115297544382,0.0024532006641298267,0.07240030497307771,0.006388325281469502,0.0010638281250000005,0.0003003890717522337,0.7053130692122547
cifar-vs-uniform,entropy-2-mse,32,reject,4000,100,0.72,0.6251178763865427,0.7986044083240164,0.03605,0.00866970299375936,0.06271609229904035,0.14078150231351108,1.0801425204688235,0.5536621066560029,0.03215370576485724,0.1090092340965612,6.44187486805933,3.790313211030113,0.020222428580069028,0.04961747613328308,0.013164549774514507,0.00255529929428228,0.06898282660265505,0.006772082210397181,0.00216056640625,0.0005609247858418311,0.010424491081436092
control-disjoint,jpeg_bytes,32,accept,4000,100,0.02,0.005501852234968185,0.07001316294199365,0.0175925,0.005281057540871903,0.5897087442810862,0.28986316595801453,0.14387538640632783,0.12453416045472085,0.5447290710095731,0.27388562216812684,-0.17114445068956272,0.8570704328799964,0.22846835814799818,0.057227583933580094,0.011430714034545144,0.002430189403646106,0.06295495459045405,0.006436265639370256,0.0013997192382812493,0.0004641105837266662,0.6381981001178448
cifar10-vs-cifar100,jpeg_bytes,32,reject,4000,100,0.36,0.2727107459049014,0.45764780018837914,0.029007500000000006,0.008131762954611994,0.156318381180037,0.1719691390260319,0.5659572045313235,0.3924576254473009,0.09237181613138866,0.11676891548470024,4.085455302207192,2.8858621670255515,0.036360130964279785,0.05693417362024384,0.016046957427635494,0.0031949254994787864,0.07752701744550927,0.00809070886392358,0.00352810791015625,0.0008912211478587079,0.09188571784223576
cifar-vs-imagenet64,jpeg_bytes,32,reject,4000,100,1.0,0.9630051925239981,0.9999999999999999,0.09222750000000002,0.008947003339107458,2.689237189668157e-10,2.3937426303372456e-09,8.587444903750077,1.4611393282833052,4.98463439413399e-10,5.684454528480498e-10,58.74870534236363,9.797069478593027,0.0010000000000000002,2.168404344971009e-19,0.03538231292931971,0.004371471372062455,0.11083479714739734,0.006715937196515507,0.01098640625,0.0009438026248583755,2.6175680539668723e-15
cifar-vs-dtd,jpeg_bytes,32,reject,4000,100,1.0,0.9630051925239981,0.9999999999999999,0.30454000000000003,0.00665870858350176,1.593014790689635e-147,1.569593127160287e-146,81.77211975296883,3.592364889121025,2.4173148743811267e-08,8.845868234422034e-09,569.1089821669301,22.1997831456918,0.0010000000000000002,2.168404344971009e-19,0.3317183789486517,0.01067129107657273,0.3634850029633552,0.005654561290663904,0.04875451171875,0.0009350750826456988,3.53858346973659e-164
cifar-vs-oneclass,jpeg_bytes,32,reject,3000,100,1.0,0.9630051925239981,0.9999999999999999,0.28463,0.008041958716631164,1.9432098668023454e-89,1.933237887368613e-88,65.17239169416663,3.514288266518875,2.144549863691836e-08,7.753850347771348e-09,445.98624734116726,22.804288631495815,0.0010000000000000002,2.168404344971009e-19,0.33142656356666406,0.016039242743949533,0.3073864397396379,0.006861422961664563,0.03307012369791666,0.0009110593553150818,1.8441707176430497e-107
cifar-vs-uniform,jpeg_bytes,32,reject,4000,100,1.0,0.9630051925239981,0.9999999999999999,1.0,0.0,0.0,0.0,667.0347558601563,0.010235060730686968,1.9336918251289247e-07,3.6677809027841334e-11,4121.124060165672,0.7564594178260077,0.0010000000000000002,2.168404344971009e-19,5.995762517301301,0.020504458617212732,0.9893020917486544,0.00010484697104259558,0.3117766723632813,0.0008072336424104753,0.0
control-disjoint,pixel_std,32,accept,4000,100,0.02,0.005501852234968185,0.07001316294199365,0.0189375,0.005170635236602946,0.5174728493980683,0.26960047829693723,0.1492546545313371,0.11943482590821619,0.5173699568778082,0.2674018912920704,-0.12585956522150718,0.8407343638368531,0.22574735318665964,0.05677353479301288,0.011253059647181813,0.0023189732751569226,0.06305404510976817,0.0062330230525010945,0.0014933660885784771,0.0004988976780557324,0.5092726765851745
cifar10-vs-cifar100,pixel_std,32,reject,4000,100,0.95,0.8882480347279118,0.9784566385436864,0.04469249999999999,0.008163091862156153,0.007214910913276946,0.017431149354007514,1.4849495054688235,0.6428301475496944,0.006054638721672992,0.016961547914195022,10.755132892865818,4.466105616158651,0.0022809287118713394,0.0045597301453009454,0.01711252593629249,0.0027162746350285036,0.08043167580291775,0.0066348584155782675,0.0054189690999547025,0.0010877102726169158,0.0009878400517656434
cifar-vs-imagenet64,pixel_std,32,reject,4000,100,0.98,0.9299868370580063,0.9944981477650318,0.047815,0.010292753518859762,0.005771280163717297,0.013377225172944616,1.803417277968829,0.8452131004384366,0.0028106249472516043,0.007914716805762525,11.390961469680217,5.517858883922664,0.0023868951150672786,0.004882157093304258,0.017487205382808367,0.0032322968958531555,0.08078234284975519,0.007477235464160416,0.005322362183160148,0.0011477675350643674,0.00013517401172912096
cifar-vs-dtd,pixel_std,32,reject,4000,100,1.0,0.9630051925239981,0.9999999999999999,0.39056250000000015,0.006986985669800682,5.0610059893773005e-250,0.0,152.58730309000006,5.126819052917532,4.94699446751401e-08,1.2392402152425394e-08,1017.7812020830592,31.950668592467515,0.0010000000000000002,2.168404344971009e-19,0.43749422763247325,0.013807168836501597,0.41508119441651153,0.006090610505376545,0.05867601728218316,0.0011583896636064553,4.0926492315182004e-272
cifar-vs-oneclass,pixel_std,32,reject,3000,100,1.0,0.9630051925239981,0.9999999999999999,0.23291,0.007721521870719527,6.618209386548356e-63,6.311103776990202e-62,35.952449194444405,2.641665050324307,8.435191461986236e-09,4.033951474486483e-09,259.9145159536365,17.173666893852623,0.0010000000000000002,2.168404344971009e-19,0.27211226909955966,0.015053492591647274,0.2668875038861391,0.00658186371573908,0.025121736765007178,0.0009612857541490547,4.2578078343472247e-72
cifar-vs-uniform,pixel_std,32,reject,4000,100,1.0,0.9630051925239981,0.9999999999999999,0.8946625,0.004704303216205355,0.0,0.0,504.2884704042189,7.353588575721102,1.3554355329237212e-07,1.774162560073466e-08,3028.5711790318123,43.13232001664026,0.0010000000000000002,2.168404344971009e-19,5.155852043936147,0.04458976367151303,0.9232559114928159,0.0037256930047969788,0.081515997194089,0.0008298637519384417,0.0
control-disjoint,pixel_entropy,32,accept,4000,100,0.03,0.010254338223414816,0.08452078080402699,0.018135,0.005303939573562278,0.5674241483396781,0.2787132562503147,0.13992255000008527,0.12334392799403611,0.5566151131048267,0.2746778673038613,-0.17983291600809173,0.8065501863152758,0.22982151813458543,0.05358686305100036,0.010193334732541477,0.0021042641900760875,0.05904709949566714,0.005852669588526413,0.01575464738279581,0.005426952263758459,0.6099808127636722
cifar10-vs-cifar100,pixel_entropy,32,reject,4000,100,1.0,0.9630051925239981,0.9999999999999999,0.066145,0.009888009152503855,0.00013130228818112658,0.0010515779944836516,4.224035517343827,1.2635106402749103,9.480753715751521e-06,7.298700643066942e-05,29.105546383335394,8.581888407449316,0.0010000000000000002,2.168404344971009e-19,0.021383096910333476,0.003881534472064408,0.08953831225017897,0.00833954090490109,0.09646912655591965,0.013879629287376813,7.953450708579859e-08
cifar-vs-imagenet64,pixel_entropy,32,reject,4000,100,1.0,0.9630051925239981,0.9999999999999999,0.0578125,0.009456107484054949,0.00030343060100165213,0.000983870116029125,2.783459250156336,0.9430287765566164,0.00015707464986801644,0.0010875961022887932,18.79635296159543,6.474062941154764,0.0010675019575209594,0.0006716359971345897,0.01738678405910113,0.0033837506004870685,0.07889049770647559,0.007685193721815724,0.06249521825894713,0.01298558195119946,3.0234470015634534e-06
cifar-vs-dtd,pixel_entropy,32,reject,4000,100,1.0,0.9630051925239981,0.9999999999999999,0.3882124999999999,0.007250290942438111,5.663064978189191e-247,0.0,153.34837285125008,4.7856642539915395,4.771328385833051e-08,1.22850592205843e-08,1001.9823490280411,30.638298043804053,0.0010000000000000002,2.168404344971009e-19,0.42138580938326897,0.014251227077009992,0.3826110056926285,0.0062345631797158544,0.6530110652370006,0.011655507628028723,1.0858867404249236e-268
cifar-vs-oneclass,pixel_entropy,32,reject,3000,100,1.0,0.9630051925239981,0.9999999999999999,0.25914666666666664,0.007798051038560854,1.1455309386857676e-75,1.1397847252434913e-74,45.90423436194441,2.7134047853752787,1.2285332022798911e-08,6.23847951623815e-09,291.23016875128627,17.11115720292197,0.0010000000000000002,2.168404344971009e-19,0.1726251320381752,0.010262853363205416,0.24164513102106855,0.00709134112132311,0.2374935446778933,0.008841529614500755,1.8746627675718262e-88
cifar-vs-uniform,pixel_entropy,32,reject,4000,100,1.0,0.9630051925239981,0.9999999999999999,0.6252850000000001,0.0068220249926249825,0.0,0.0,219.42229194703134,5.321806445967013,6.974890937150313e-08,1.4883111242323938e-08,1497.3233169301823,26.52443319381996,0.0010000000000000002,2.168404344971009e-19,4.020486560774583,0.10957239209239807,0.7621021438236777,0.016134690822806726,0.41633501237005,0.007740519809323634,0.0
control-disjoint,BRISQUE,32,accept,4000,100,0.03,0.010254338223414816,0.08452078080402699,0.018945,0.00530972927746792,0.5186742450402877,0.28025927735206235,0.1681258235938344,0.12405670944118154,0.47613838701933203,0.28753029306196176,0.12516474333071476,0.9766987943809468,0.20927072215114426,0.07248454147324276,0.012274016162170004,0.0021269858481430025,0.06496415649629632,0.00552433461837555,1.2755365507167573,0.5784079103352905,0.5181341116358225
cifar10-vs-cifar100,BRISQUE,32,reject,4000,100,1.0,0.9630051925239981,0.9999999999999999,0.046535,0.007755483543919103,0.002693402929600486,0.005520399629015666,1.3072233950000804,0.5070742495064691,0.0035389770463130164,0.006002509202519402,7.394181189598552,3.352757037288234,0.004609681713479586,0.007906778552039657,0.01778758877570944,0.0034855383599301268,0.07910517801614021,0.007681792896276969,2.3701300791009112,0.5817769587701984,0.00041218255971647334
cifar-vs-imagenet64,BRISQUE,32,reject,4000,100,0.93,0.8625032899347025,0.965681175635936,0.039830000000000004,0.0075732984887696055,0.018809000925474117,0.04207359953158217,0.9745342037500745,0.37062854280778423,0.011882754312887432,0.02682122688237595,6.928316845822232,2.7581808549345768,0.006904665578872711,0.025761163921796514,0.020333998683952265,0.00399898083625689,0.08422873827680923,0.00833918095559911,3.4805092902990755,0.7200876269716717,0.003595839895925661
cifar-vs-dtd,BRISQUE,32,reject,4000,100,1.0,0.9630051925239981,0.9999999999999999,0.1284925,0.007823957997714459,3.6759827635677997e-23,2.429623606064525e-22,10.91668869531257,1.4279722973602098,1.0123649896165432e-09,1.0222045320898403e-09,63.216727567975425,8.693877900241963,0.0010000000000000002,2.168404344971009e-19,0.06542755351408729,0.0050943354815767465,0.15866363722036703,0.006158970944727721,7.9888929979747205,0.7629944818244028,1.954860971168277e-29
cifar-vs-oneclass,BRISQUE,32,reject,1014,100,1.0,0.9630051925239981,0.9999999999999999,0.11490138067061148,0.013937458501311525,8.619371070861336e-05,0.0003330705848895019,2.8507197606292722,0.7126988915905065,9.4784595769426e-06,3.7565063289581255e-05,19.796450257348145,5.034520534530796,0.0010000000000000002,2.168404344971009e-19,0.09068408789436971,0.012543949772164388,0.17174983708640165,0.01177825394441442,11.311678822818285,1.7523068881008776,3.3734236481251457e-06
cifar-vs-uniform,BRISQUE,32,reject,4000,100,1.0,0.9630051925239981,0.9999999999999999,0.6978375,0.006077455779353729,0.0,0.0,262.45219863921886,5.892665423065412,8.252101875827477e-08,1.6538519125725996e-08,1690.4517849272481,29.895563388296228,0.0010000000000000002,2.168404344971009e-19,4.102655118176775,0.03840492020201278,0.8417155297325479,0.004562495461822866,55.12874093895723,0.45061611771902227,0.0
control-disjoint,entropy-2-mse,64,accept,4000,100,0.03,0.010254338223414816,0.08452078080402699,0.0172725,0.006208672865435898,0.6266569591827904,0.3086322496273318,0.17636031812509145,0.18285100886114586,0.5165360187507877,0.2997432975418391,0.05162499682216331,1.232369498798943,0.21307398095302651,0.07356351139226536,0.011415169254635706,0.0024017704923502223,0.06313322099273559,0.0066433795824483695,0.0005033740234374999,0.0002016793093843109,0.704029956889007
cifar10-vs-cifar100,entropy-2-mse,64,reject,4000,100,0.7,0.6041496156718804,0.7810524613377188,0.0343575,0.008916365220761205,0.08203509974112042,0.17075378816727954,0.9151878103125773,0.5267624083686336,0.05148758748094068,0.13858114640456362,5.195056266798601,3.5722197362947337,0.03545727904658382,0.06928113669705752,0.01324398179132962,0.002442207458331615,0.0683215363343082,0.00622903540073969,0.0011626757812499998,0.0003492421014475598,0.014382267948983696
cifar-vs-imagenet64,entropy-2-mse,64,reject,4000,100,0.82,0.7333246397578691,0.8829986834574896,0.03886,0.009191457990982714,0.030618529717781867,0.059920793885379575,1.1645919567188252,0.6384719916968649,0.017234992066053657,0.03858834544907001,7.453411717439751,4.256660594824701,0.010057542004474462,0.026120310709341687,0.015033816226058072,0.0031207299196027985,0.07139425451825011,0.007065085477808128,0.00130226806640625,0.00033071094970494035,0.007488536357621532
cifar-vs-dtd,entropy-2-mse,64,reject,4000,100,0.99,0.9455124752390653,0.9982326134344526,0.050100000000000006,0.008066287869894056,0.002286242001594338,0.011524769672855446,2.0887168853125786,0.7002649586299998,0.0006446868202639444,0.003289802296059104,13.47917193327682,4.621515042516972,0.0013084536831998834,0.0019383896255976629,0.01693387289915058,0.0027252763761854886,0.07989634836690115,0.006336540015709069,0.0019292187499999997,0.0002944611841537626,0.0001345603349332943
cifar-vs-oneclass,entropy-2-mse,64,reject,3000,100,0.9,0.8256326956323347,0.9447714583868639,0.04442999999999999,0.007898423893410634,0.02053624267550823,0.03960186373767087,1.3214622297221876,0.4951240321347067,0.004050420849900174,0.009606187634692618,8.246623898783339,3.4506619394354336,0.003283627864994026,0.00642562457569493,0.01995524251704931,0.0035983055650730673,0.0841966179266407,0.007629934278859046,0.001696728515625,0.0003187048932075736,0.005493797231670203
cifar-vs-uniform,entropy-2-mse,64,reject,4000,100,1.0,0.9630051925239981,0.9999999999999999,0.0780025,0.008285868617712931,1.6754388755003102e-08,7.720660653145011e-08,4.849378278906329,1.1830528103004778,5.085459536813275e-09,1.7468133373042496e-08,34.876462552704936,8.280685204396047,0.0010000000000000002,2.168404344971009e-19,0.03253176042242159,0.004860018944569476,0.10339005221050758,0.007188381746912549,0.0025345971679687496,0.00031177991739228967,5.725679434443985e-11
control-disjoint,jpeg_bytes,64,accept,4000,100,0.01,0.0017673865655472645,0.0544875247609346,0.0183325,0.004761703345442679,0.5420006650571737,0.27144805670757816,0.1569865882813224,0.10604768620089539,0.48278506095844576,0.27217029764018014,-0.052120363106458054,0.7667374258074069,0.2233627731705732,0.05717944350612998,0.012002071405878126,0.002674205921402625,0.06422649649228314,0.00680493191985111,0.0008018853759765624,0.00024629436658053083,0.5362233944701613
cifar10-vs-cifar100,jpeg_bytes,64,reject,4000,100,0.56,0.4622792771125631,0.6532813459903167,0.031067499999999998,0.005205988738942872,0.0730653987496903,0.08316092857651304,0.5917657673438202,0.2585221510383868,0.048008014741520194,0.05191119454041504,5.031231334060106,2.047859681810914,0.009661419499375703,0.014632431627045556,0.018235735622708235,0.0033007299084871363,0.08215504313571245,0.00734317716768721,0.002050805053710937,0.0003450203981553305,0.04417301887417281
cifar-vs-imagenet64,jpeg_bytes,64,reject,4000,100,1.0,0.9630051925239981,0.9999999999999999,0.8018675000000001,0.005496755292897807,0.0,0.0,508.50455651593757,5.82949376373522,1.3653406375158106e-07,1.6899357121020153e-08,3137.2052174095243,35.594509889122314,0.0010000000000000002,2.168404344971009e-19,1.836398695615459,0.03821204034455499,0.7835081377890916,0.004777460400388621,0.10767341857910155,0.0009911650746186195,0.0
cifar-vs-dtd,jpeg_bytes,64,reject,4000,100,1.0,0.9630051925239981,0.9999999999999999,0.6407275,0.00528229294435665,0.0,0.0,312.67726565765633,4.460415302927285,9.201522640833737e-08,1.5290249766962933e-08,1961.791227635859,26.009177568437792,0.0010000000000000002,2.168404344971009e-19,1.0941686298192936,0.01592925161191079,0.6512281412433565,0.003885989770349541,0.0834948260498047,0.0007203246513247328,0.0
cifar-vs-oneclass,jpeg_bytes,64,reject,3000,100,1.0,0.9630051925239981,0.9999999999999999,0.25524,0.008142901475791317,5.269984175933949e-74,5.225358986150081e-73,51.90128581833329,3.166463582710087,1.4202932610007934e-08,5.754264993391093e-09,351.7290139042567,20.376292116543393,0.0010000000000000002,2.168404344971009e-19,0.2597465811905092,0.014256276092726283,0.27593676692338387,0.006755135156798769,0.015731023763020834,0.000498830739072122,1.5820338989726897e-86
cifar-vs-uniform,jpeg_bytes,64,reject,4000,100,1.0,0.9630051925239981,0.9999999999999999,1.0,0.0,0.0,0.0,666.7415957064062,0.0018477009031260777,1.9232104812139105e-07,6.590924535828687e-12,4086.201390928454,0.2707799528606834,0.0010000000000000002,2.168404344971009e-19,6.210139136498099,0.016080964917833205,0.9904084826221252,7.290563896911354e-05,0.23632049438476568,0.0004386378698832799,0.0
control-disjoint,pixel_std,64,accept,4000,100,0.03,0.010254338223414816,0.08452078080402699,0.0177875,0.005710557656656659,0.5899645151666152,0.29892278601203376,0.13662234515633145,0.13938538396322744,0.5912462891565265,0.29153789318238266,-0.2309993109101664,0.9194144573620413,0.23051476505874371,0.056860140714319406,0.010967369584677396,0.0022852728425987825,0.06211525220694103,0.0064227419103474355,0.0013836994546838103,0.0005242139543646308,0.6006310549201747
cifar10-vs-cifar100,pixel_std,64,reject,4000,100,0.99,0.9455124752390653,0.9982326134344526,0.048615000000000005,0.00769158793748079,0.002843428589873244,0.014194337421087558,1.8299347060938385,0.6779046340459602,0.002100421428217334,0.01317951297904828,13.177585843719092,4.492888173189439,0.0013150658693902595,0.0026343614454188056,0.01825544722157254,0.0028061797397448836,0.08318667278654905,0.0063648369330960314,0.005909557384829968,0.0009759721417447956,0.00013517401172912096
cifar-vs-imagenet64,pixel_std,64,reject,4000,100,1.0,0.9630051925239981,0.9999999999999999,0.14984750000000002,0.009710811951119228,3.3886592866253234e-29,3.3299895318139705e-28,24.012365625156335,2.9816317882274914,4.817279359858873e-09,3.301194721631807e-09,161.5383063323122,19.49805666265632,0.0010000000000000002,2.168404344971009e-19,0.07531938786996266,0.008288032724424035,0.164382101101313,0.008782578478292054,0.02012805306840688,0.0012226479336471569,8.271029327700345e-40
cifar-vs-dtd,pixel_std,64,reject,4000,100,1.0,0.9630051925239981,0.9999999999999999,0.26082249999999996,0.0074743975509735956,6.974819551194761e-104,6.937883158453055e-103,65.94674548093757,3.4851612410993824,2.0390512031065456e-08,8.351453326100434e-09,459.3501931547567,22.249987743565008,0.0010000000000000002,2.168404344971009e-19,0.2203984853733466,0.009486817028993285,0.30029844358970853,0.006378174240195468,0.036132687895605045,0.0009908490812081839,3.1314497341470374e-120
cifar-vs-oneclass,pixel_std,64,reject,3000,100,1.0,0.9630051925239981,0.9999999999999999,0.22045666666666666,0.008407887170191253,1.626249740471405e-54,1.552075452996284e-53,31.517292474722186,2.3962986436313005,6.929660983923114e-09,4.150239475796115e-09,229.58556272695193,15.779830965617853,0.0010000000000000002,2.168404344971009e-19,0.24868830560571542,0.014937471051335562,0.25576074542181226,0.006763162523175938,0.023040748812307905,0.0009370161929252712,3.4599284277050005e-64
cifar-vs-uniform,pixel_std,64,reject,4000,100,1.0,0.9630051925239981,0.9999999999999999,0.5857525000000001,0.007883645650966314,0.0,0.0,183.0045193090626,4.012854659085855,5.9576058855093097e-08,1.3429799842822006e-08,1356.9609653944854,19.22697332829268,0.0010000000000000002,2.168404344971009e-19,4.608640156106858,0.05782594894048578,0.8654373800386399,0.005244844552608254,0.044810164709128436,0.0005637563674090567,0.0
control-disjoint,pixel_entropy,64,accept,4000,100,0.05,0.02154336145631356,0.11175196527208817,0.018435,0.005467702899755985,0.5554605627944499,0.278227164322776,0.14495110406257936,0.12066332464143316,0.5455066451482511,0.2808313349076392,-0.1635296467301064,0.7937861740884133,0.22649800277655543,0.05810399790661957,0.010448153129819502,0.0021599369047956155,0.059801435442313915,0.006092458105176876,0.016204483989477155,0.005071079394106082,0.6193776728396316
cifar10-vs-cifar100,pixel_entropy,64,reject,4000,100,1.0,0.9630051925239981,0.9999999999999999,0.06666499999999999,0.009164416238910147,9.584125610114597e-06,5.672325758651547e-05,4.164501900000085,1.1900798459482005,3.371571852328614e-07,1.715683714519479e-06,28.30774570359876,7.98904667052208,0.0010000000000000002,2.168404344971009e-19,0.021637679617059584,0.0038586432694740825,0.08942371381560628,0.008004568980925017,0.09106704159617424,0.013718758506028914,6.11817053383857e-08
cifar-vs-imagenet64,pixel_entropy,64,reject,4000,100,1.0,0.9630051925239981,0.9999999999999999,0.08441250000000002,0.009802574598032906,1.4090325774118883e-07,1.3708995757380365e-06,6.207320699062587,1.402554001392597,4.62044023041841e-09,4.301944182679683e-08,40.6233954857522,8.78280693728886,0.0010000000000000002,2.168404344971009e-19,0.031207008458674433,0.004615144578150076,0.10744041923639867,0.008043515305654872,0.08715308608457445,0.00838368385758182,5.449246371775917e-13
cifar-vs-dtd,pixel_entropy,64,reject,4000,100,1.0,0.9630051925239981,0.9999999999999999,0.27990000000000004,0.006882223477917576,2.910869239994095e-125,2.2137903654667437e-124,80.79360009718758,3.6287964253507585,2.4985308322289512e-08,8.789882796799893e-09,533.1366627830397,23.796514950844024,0.0010000000000000002,2.168404344971009e-19,0.21475027050458967,0.010119246079968888,0.28208936614941393,0.006574959126133453,0.4666934320800007,0.010490493083354757,3.4343899673455695e-138
cifar-vs-oneclass,pixel_entropy,64,reject,3000,100,1.0,0.9630051925239981,0.9999999999999999,0.2603533333333333,0.009158095386657156,3.8200042384308317e-78,3.3826367440511116e-77,47.10713682916664,3.3705646800475004,1.2439005265818536e-08,5.779953546183251e-09,302.4629970646418,21.76333507543365,0.0010000000000000002,2.168404344971009e-19,0.18274834723704825,0.01279979030319158,0.2457846418536066,0.00839889364456772,0.2551705175717672,0.011825424760703062,6.5654573730252206e-90
cifar-vs-uniform,pixel_entropy,64,reject,4000,100,1.0,0.9630051925239981,0.9999999999999999,0.7013025,0.0074792458677329235,0.0,0.0,274.0948923385938,7.123803992325166,8.43405334283176e-08,1.5459709740009776e-08,1788.525993726942,35.98128434089979,0.0010000000000000002,2.168404344971009e-19,5.01185491339018,0.065795060801415,0.8536301139222,0.008238299324060982,0.4885127709633111,0.005439970116985089,0.0
control-disjoint,BRISQUE,64,accept,4000,100,0.04,0.015663050551848016,0.09837217232607373,0.01918,0.005474723737322277,0.509004825649582,0.28077989683267707,0.1806001959375817,0.15999785319660775,0.47539195916336785,0.2899268560774683,0.1416447032461796,1.0944533482744705,0.21068571984375023,0.07132238821895576,0.012486876894081839,0.0022964337449971678,0.0658343351607667,0.005588986225490144,0.47161484110951435,0.14327828616627203,0.4743895229339886
cifar10-vs-cifar100,BRISQUE,64,reject,4000,100,0.86,0.7786263961619276,0.914737342455351,0.0390975,0.008671137108245953,0.03204280004027205,0.09004185115607015,0.9867267990625738,0.5174178503427528,0.025084045952030648,0.06728132123656162,6.219443625058736,3.4575847958764414,0.012447283878819089,0.02986928326741263,0.016128318841576172,0.0031388154458460668,0.0755745609899128,0.007362516241399753,1.15752816591084,0.33327275515466825,0.005318431743636478
cifar-vs-imagenet64,BRISQUE,64,reject,4000,100,1.0,0.9630051925239981,0.9999999999999999,0.7615425,0.006644269617497476,0.0,0.0,455.21207218828135,6.707577222621631,1.2929978487674632e-07,1.9060099858942652e-08,2781.8518626242403,40.76201227341408,0.0010000000000000002,2.168404344971009e-19,1.7115177258625698,0.037387646030975025,0.7460027094437178,0.005439485196535596,26.385999069635492,0.38715955832374765,0.0
cifar-vs-dtd,BRISQUE,64,reject,4000,100,1.0,0.9630051925239981,0.9999999999999999,0.46907000000000004,0.0042781538074267425,0.0,0.0,136.03268123640632,2.120105727057908,3.764565007280396e-08,9.532018675694687e-09,1062.6305917992358,12.518071206451282,0.0010000000000000002,2.168404344971009e-19,1.3342539832174714,0.025256992461560115,0.6788521288409666,0.0051238821248296845,35.059728025359156,0.3228763765971675,0.0
cifar-vs-oneclass,BRISQUE,64,reject,1014,100,0.22,0.15001174503655804,0.3107053471500031,0.050009861932938854,0.013456602977876568,0.25527917127534566,0.2341520811724283,0.3335221519048639,0.21610718232475012,0.2151647811636802,0.19169145234674895,1.1621180246546197,1.2367521736415248,0.14561828853558453,0.08954484183869935,0.03874114877621892,0.006311456604180065,0.11567714549859198,0.008964244297662896,1.5206659977476047,0.3201163573443089,0.17856337712471926
cifar-vs-uniform,BRISQUE,64,reject,4000,100,1.0,0.9630051925239981,0.9999999999999999,0.6906725,0.0063174060143384725,0.0,0.0,435.81249556656263,6.104697453123752,1.2419793237627986e-07,1.6987892134518118e-08,2719.9671840588744,37.18898707571906,0.0010000000000000002,2.168404344971009e-19,2.210059576677032,0.07896166258920323,0.6892629427272844,0.005534501176200393,31.006398583170775,0.438480348795553,0.0
control-disjoint,entropy-2-mse,128,accept,4000,100,0.05,0.02154336145631356,0.11175196527208817,0.0188325,0.006062080397850229,0.5296183712476747,0.3076724548437756,0.1748802684375846,0.1451231893457689,0.4823104206264178,0.29936995706813085,0.10110637547994786,1.0121337698357056,0.21018898023792168,0.06968728671597667,0.011437604789343065,0.002436501821783304,0.06298344481525753,0.006615241208616821,0.0003786651611328125,0.0001281428381013349,0.5271220054509869
cifar10-vs-cifar100,entropy-2-mse,128,reject,4000,100,0.91,0.8377362530335634,0.9519280048361151,0.04057500000000001,0.007649305524032884,0.01987422290417281,0.06559050152558779,1.2266259954688281,0.5626558186884407,0.01266028451680115,0.04622782092857962,9.035985167437621,4.024328213914498,0.005558671323967614,0.025398610637915115,0.016790842953045924,0.002956751664746632,0.07944724619803802,0.00730159508730227,0.0011795428466796875,0.00023896274614913952,0.0025032428422502883
cifar-vs-imagenet64,entropy-2-mse,128,reject,4000,100,1.0,0.9630051925239981,0.9999999999999999,0.07313,0.009419161321476556,3.522571887808898e-07,1.5841575457986427e-06,5.6549806534375735,1.4478627353979996,1.154862838692594e-09,4.387934692470672e-09,39.52320151813863,9.917745426322858,0.0010000000000000002,2.168404344971009e-19,0.027115851640034404,0.004976694232317166,0.09798241737967776,0.008760637041492733,0.0022971356201171873,0.0002699517585253433,1.964372026451156e-09
cifar-vs-dtd,entropy-2-mse,128,reject,4000,100,1.0,0.9630051925239981,0.9999999999999999,0.04938749999999999,0.007870862008064937,0.0016928560390944358,0.004022405739405021,1.7640937148438274,0.5251031250291366,0.00045699485203498316,0.0009984057073915628,14.731278789809082,3.5383811352879793,0.0010000000000000002,2.168404344971009e-19,0.0220747863362621,0.0032840004726060524,0.09252327390147423,0.006988264649642735,0.0016716955566406244,0.0001677158918311339,0.00014147401311448508
cifar-vs-oneclass,entropy-2-mse,128,reject,3000,100,1.0,0.9630051925239981,0.9999999999999999,0.07816,0.008893878044287918,2.228901887238678e-06,8.293863009940868e-06,3.5624818424999707,0.8451509619428008,6.345089550008342e-07,2.770227505389443e-06,21.722007811877667,5.3945128323057,0.0010000000000000002,2.168404344971009e-19,0.02951259451138792,0.004821222244727193,0.09913436220326587,0.007804555365143728,0.0018701554361979166,0.0002217781143268408,2.52777988396978e-08
cifar-vs-uniform,entropy-2-mse,128,reject,4000,100,1.0,0.9630051925239981,0.9999999999999999,0.19491000000000006,0.007967396061449437,3.817952781412904e-56,3.345400786762621e-55,27.51763341812508,2.256796308459166,5.846583449597987e-09,3.8613618339036825e-09,235.31836658022104,14.752984763964918,0.0010000000000000002,2.168404344971009e-19,0.33152189575611346,0.01894830047843424,0.2908510426480159,0.006857106536634853,0.00458161865234375,0.00012982654331284582,3.79286317161605e-67
control-disjoint,jpeg_bytes,128,accept,4000,100,0.04,0.015663050551848016,0.09837217232607373,0.018860000000000002,0.005209404956422566,0.5238535174775624,0.27005027003124993,0.1540021635938342,0.10842631503761817,0.49570785526138217,0.2657285829434824,-0.013375574695057369,0.708889815502143,0.22179838661553902,0.05354688955261835,0.012069482727736409,0.0023680121823489325,0.06454226222138626,0.006274138053760496,0.0005776510620117186,0.00015837844830719763,0.5361098992661512
cifar10-vs-cifar100,jpeg_bytes,128,reject,4000,100,0.74,0.6462882736813838,0.8159542187301354,0.034844999999999994,0.0059421986671601605,0.03644085306568027,0.04906360634698144,0.7763345807813402,0.2853203410048772,0.019066225207488983,0.02319720977342096,6.355486569964625,2.1683892843732497,0.004037341852789758,0.007323822222819993,0.018910480640181186,0.003138264202603565,0.08385590955352555,0.007262089942994243,0.0016394689941406247,0.00022833608878047425,0.017717051781849125
cifar-vs-imagenet64,jpeg_bytes,128,reject,4000,100,1.0,0.9630051925239981,0.9999999999999999,0.6057,0.007886459915576832,0.0,0.0,327.12372989203135,7.528014590071297,9.629038373870635e-08,1.7401707110725125e-08,2081.4845928808713,45.40959869579908,0.0010000000000000002,2.168404344971009e-19,0.9773259688541652,0.02513159459710896,0.6103370258856636,0.0063239403725316706,0.04217068405151367,0.0006405025056589848,0.0
cifar-vs-dtd,jpeg_bytes,128,reject,4000,100,1.0,0.9630051925239981,0.9999999999999999,0.8499825,0.003270560922838771,0.0,0.0,536.5045119826564,3.5134190113597956,1.5523685297891277e-07,1.683219032407229e-08,3284.8968950751605,21.651430558922083,0.0010000000000000002,2.168404344971009e-19,2.068834318508793,0.02536083869842971,0.8206188446781115,0.0029357687196105895,0.11524950515747072,0.0007054067057317768,0.0
cifar-vs-oneclass,jpeg_bytes,128,reject,3000,100,1.0,0.9630051925239981,0.9999999999999999,0.25363,0.008579289662385291,3.054344611119069e-69,2.498060788751789e-68,47.627859116388834,3.0498419127987004,1.2860324037911042e-08,5.674139684326267e-09,324.59703726530955,19.585723605321608,0.0010000000000000002,2.168404344971009e-19,0.2673287502582747,0.014832591983802173,0.27279118753750725,0.006981292524233162,0.010627600504557293,0.0003534865805352382,1.0135565252155797e-84
cifar-vs-uniform,jpeg_bytes,128,reject,4000,100,1.0,0.9630051925239981,0.9999999999999999,1.0,0.0,0.0,0.0,666.681013256875,0.0003761462356072536,1.9210504721089982e-07,1.3404455326691175e-12,4070.087415228089,0.12486688264496161,0.0010000000000000002,2.168404344971009e-19,6.1866808412911976,0.013169922077918826,0.990513056240331,7.061065817783378e-05,0.1734069566345215,0.0003143378442175075,0.0
control-disjoint,pixel_std,128,accept,4000,100,0.02,0.005501852234968185,0.07001316294199365,0.018022499999999997,0.005088601846283515,0.5714746953580853,0.27484817337965034,0.1415250853125849,0.12282075767936439,0.5578308955826374,0.27536850821140324,-0.14820626462038622,0.868205657871141,0.22666219015949537,0.0609981356248935,0.011147356211343313,0.0025911100236363895,0.06276589549682907,0.00715346676089453,0.0014675470122508705,0.0005043901267542558,0.6099808127636722
cifar10-vs-cifar100,pixel_std,128,reject,4000,100,0.97,0.915479219195973,0.9897456617765851,0.0483575,0.009845383118497726,0.007629124719152475,0.029906194047833526,1.8371845228125812,0.8796664542891419,0.005740011265193695,0.022366759426606247,13.323794466836617,6.108710938936803,0.002680511821667787,0.008198877194493439,0.018444013721762135,0.003481624405618771,0.0835451951641631,0.00804557691509197,0.0059134861194854605,0.0012989713685317417,0.00018928837522239663
cifar-vs-imagenet64,pixel_std,128,reject,4000,100,1.0,0.9630051925239981,0.9999999999999999,0.0930175,0.00970761653290858,7.342491194893788e-10,5.437908843448179e-09,8.923034385156335,1.6992672051289142,6.294765930725532e-10,7.656873816500454e-10,60.290224084548534,11.350898926532166,0.0010000000000000002,2.168404344971009e-19,0.03650936209540334,0.005262382214993902,0.1153301779547985,0.0082069572636405,0.012314580006245522,0.0011377435433560464,1.2413298333538473e-15
cifar-vs-dtd,pixel_std,128,reject,4000,100,1.0,0.9630051925239981,0.9999999999999999,0.1945575,0.007046262750565014,1.6061748617091232e-54,1.5944048004580234e-53,35.747665430312566,2.572939619915202,8.54237607872399e-09,4.585556826384251e-09,261.7118528808262,16.522614934158586,0.0010000000000000002,2.168404344971009e-19,0.14966727346003794,0.007158880432904598,0.2490891390479293,0.00592605958848245,0.026711856623844357,0.0009205965194258938,4.3925214375980054e-67
cifar-vs-oneclass,pixel_std,128,reject,3000,100,1.0,0.9630051925239981,0.9999999999999999,0.22210666666666665,0.008594168565564287,1.4076073766012043e-55,1.3567948511866705e-54,32.36690784888886,2.4134039142293084,7.093571526839426e-09,4.165300152944367e-09,235.02006668110008,15.419517397320634,0.0010000000000000002,2.168404344971009e-19,0.2517890529719404,0.013527767532765246,0.2571801721650315,0.0061774212018308235,0.023398482110562422,0.0008511074109839864,3.6524402172863622e-65
cifar-vs-uniform,pixel_std,128,reject,4000,100,1.0,0.9630051925239981,0.9999999999999999,0.5298675,0.0077336484759782005,0.0,0.0,161.2122689907813,2.3463169067671323,5.6580037859355056e-08,1.0685825525445241e-08,1256.4378586100934,11.773948791896856,0.0010000000000000002,2.168404344971009e-19,4.584532771263118,0.05959349217266688,0.8639941754323582,0.00563481063818268,0.04327657583799214,0.000500756289995502,0.0
control-disjoint,pixel_entropy,128,accept,4000,100,0.04,0.015663050551848016,0.09837217232607373,0.018000000000000002,0.005632051136131489,0.5800031055743154,0.2850175520009059,0.1428667834375824,0.1493615160868496,0.5733013528867474,0.27869831026508807,-0.1541203632001561,1.0333955818883331,0.22604893888370803,0.05996007598642424,0.010205658480714634,0.0021926105900028033,0.059339292504318825,0.00640088750860923,0.015987830549180505,0.005859741492218496,0.6193776728396316
cifar10-vs-cifar100,pixel_entropy,128,reject,4000,100,1.0,0.9630051925239981,0.9999999999999999,0.06859000000000001,0.00853049822695017,5.701651757470104e-06,2.9798677969127566e-05,4.444334093281336,1.1206543476253372,3.2100949989288806e-08,1.2128038271028958e-07,30.19281801517111,7.567937485503697,0.0010000000000000002,2.168404344971009e-19,0.021489422761885493,0.003364991287014416,0.08913899351345293,0.006998143140290262,0.09334218107134104,0.012678098007374811,1.832835849637287e-08
cifar-vs-imagenet64,pixel_entropy,128,reject,4000,100,1.0,0.9630051925239981,0.9999999999999999,0.051675000000000006,0.008907686287695588,0.002166104824310436,0.007097934243602641,2.0880686781250826,0.7243328166324157,0.0007672823629204983,0.002783917572507681,12.94079913303918,4.549207462455933,0.0013320890706994442,0.0017271430343285125,0.017367616529917803,0.0028183836158746315,0.08000744424893146,0.006606825100912048,0.05607670341610908,0.007900440226204088,4.6803615808405996e-05
cifar-vs-dtd,pixel_entropy,128,reject,4000,100,1.0,0.9630051925239981,0.9999999999999999,0.22407249999999998,0.0076594953325920916,2.779722938507196e-76,2.6397610545056543e-75,50.52867185000007,3.170565213932004,1.405587873537506e-08,6.333842838910231e-09,337.35148478338334,20.74853034147373,0.0010000000000000002,2.168404344971009e-19,0.13817029832829159,0.008138068311404428,0.2293223921778214,0.0067156143483381925,0.377721846434772,0.011104809475826916,1.3112641622006593e-88
cifar-vs-oneclass,pixel_entropy,128,reject,3000,100,1.0,0.9630051925239981,0.9999999999999999,0.26233666666666666,0.008389874187905853,4.219270660277053e-80,4.004063156395005e-79,47.68303839249997,2.9049801128777695,1.4616570001013685e-08,6.506453056960623e-09,305.5665882321399,18.321857514099644,0.0010000000000000002,2.168404344971009e-19,0.18555005074619527,0.011031212842782637,0.24758917663641694,0.007027869568422382,0.2575187949224313,0.010927293240795824,1.3448748530269464e-91
cifar-vs-uniform,pixel_entropy,128,reject,4000,100,1.0,0.9630051925239981,0.9999999999999999,0.6649425,0.007647373323566731,0.0,0.0,241.48005994718756,6.206071286899699,7.772318185939043e-08,1.5146672123201605e-08,1626.691154434115,30.63887517588385,0.0010000000000000002,2.168404344971009e-19,4.918966829088247,0.07600792127636746,0.8424651622218885,0.0074091800085830505,0.46085403604596853,0.005482336203991951,0.0
control-disjoint,BRISQUE,128,accept,4000,100,0.02,0.005501852234968185,0.07001316294199365,0.01838,0.00515842514727121,0.5480288067564651,0.27655245780761445,0.13396455421882364,0.10574396369499067,0.5574449112415223,0.26766888917504733,-0.21424143270553636,0.7267064820076988,0.23224967273517805,0.04941248002867879,0.010187735147517876,0.002667841287465799,0.059262099313078985,0.007711108470753569,0.17045914725303632,0.05192905029684524,0.5543126773045001
cifar10-vs-cifar100,BRISQUE,128,reject,4000,100,1.0,0.9630051925239981,0.9999999999999999,0.04911250000000001,0.006940945090547828,0.0012496760544288828,0.004232778981212272,1.5004261468750724,0.4110012388746501,0.000975691999414533,0.0027689682567804404,13.398977628852673,3.5893409863764827,0.0010125482553050753,0.00012485356386156157,0.020695918624865656,0.003793650706955678,0.08844409870353999,0.008302256851107574,0.7432929743862142,0.0961806224652915,0.00018928837522239663
cifar-vs-imagenet64,BRISQUE,128,reject,4000,100,1.0,0.9630051925239981,0.9999999999999999,0.9360275,0.0030752835235145306,0.0,0.0,612.0550570204688,3.819908793976704,1.5195569121329023e-07,1.2035336195390481e-08,3713.7782712722255,24.600482727210256,0.0010000000000000002,2.168404344971009e-19,3.2747355495016346,0.08197187593846018,0.91518545686031,0.0034150038219546174,30.7119483110097,0.16539339557854407,0.0
cifar-vs-dtd,BRISQUE,128,reject,4000,100,1.0,0.9630051925239981,0.9999999999999999,0.7457525000000002,0.0032725171886485217,0.0,0.0,311.3234808170313,3.387819188031014,8.888121700412199e-08,1.706313618123882e-08,2011.460356832406,16.321412018426457,0.0010000000000000002,2.168404344971009e-19,3.1912037973643383,0.0531144606039641,0.9092717282460101,0.002336127379247198,48.535192111984124,0.15760442878047198,0.0
cifar-vs-oneclass,BRISQUE,128,reject,1014,100,1.0,0.9630051925239981,0.9999999999999999,0.14581854043392503,0.015457786345313774,4.236051309676043e-07,2.65051008215932e-06,4.701413696902123,1.0369191215220206,5.07459744780725e-08,4.279690104519495e-07,34.37443998166934,6.886504788928346,0.0010000000000000002,2.168404344971009e-19,0.12404325944315658,0.015865943787311487,0.18669770272797515,0.01111186069150597,1.681200376130655,0.16378838899764994,7.77430966266726e-10
cifar-vs-uniform,BRISQUE,128,reject,4000,100,1.0,0.9630051925239981,0.9999999999999999,0.48917499999999997,0.008629129446241956,0.0,0.0,155.80029235796883,5.417950621640302,5.222798910020643e-08,1.2312551627442857e-08,1088.5195848531557,29.522431648415772,0.0010000000000000002,2.168404344971009e-19,1.033957312258017,0.028322008687196375,0.6178553537341079,0.00699269682109229,11.315484099397656,0.23174325303113033,0.0
control-disjoint,entropy-2-mse,256,accept,4000,100,0.02,0.005501852234968185,0.07001316294199365,0.018772499999999998,0.005457116340156218,0.5222362467799372,0.2874908826424623,0.1595958476563237,0.11663309870446453,0.48375569708463095,0.2782782106876872,-0.06898419536516293,0.7661994037181731,0.22791879939981605,0.05219817784682843,0.010918996194452784,0.0022096471161946,0.06164799764812779,0.006269914412717057,0.00037039993286132805,0.00010176283935732807,0.49168787427151
cifar10-vs-cifar100,entropy-2-mse,256,reject,4000,100,0.97,0.915479219195973,0.9897456617765851,0.0477675,0.009009526555263601,0.005317274115421567,0.015250168099789699,1.802593247656332,0.8164589885059211,0.0039344319177517075,0.013521773090410569,12.812196076650118,5.663344992080201,0.0024787748250816,0.008221877668725668,0.018480505049593754,0.003420010259488135,0.08260660579642329,0.007633839009496923,0.0013584234619140627,0.0002719115397094194,0.00031872044850338833
cifar-vs-imagenet64,entropy-2-mse,256,reject,4000,100,1.0,0.9630051925239981,0.9999999999999999,0.10824500000000001,0.009799233388382992,1.7360798138807427e-15,1.2114344816256088e-14,11.599811233281322,2.174259380646034,9.768571951340732e-10,1.0708358481676017e-09,78.72649613190444,14.55602539240582,0.0010000000000000002,2.168404344971009e-19,0.04359363398646209,0.006175654481112361,0.12249238640966015,0.00849758471611994,0.003056984405517578,0.00027339082991831927,9.056816007769511e-21
cifar-vs-dtd,entropy-2-mse,256,reject,4000,100,1.0,0.9630051925239981,0.9999999999999999,0.04478499999999999,0.0049949999999999994,0.0022542626928609556,0.0049590989805264555,1.1896122390625852,0.4296030059827761,0.005319079246642501,0.010997481280648074,10.40023104169733,3.3221910337039335,0.0012918898700164274,0.0013718505445037758,0.021875023235906173,0.0032859957242273043,0.09008385509063226,0.006944464706933816,0.0011269813537597656,0.00019311212244643098,0.0007585557739857778
cifar-vs-oneclass,entropy-2-mse,256,reject,3000,100,1.0,0.9630051925239981,0.9999999999999999,0.14533666666666667,0.007667463002120643,4.274991049566915e-23,2.235778746442416e-22,14.404730118611075,1.4047170579471466,1.8829067816028554e-09,1.6712281793949887e-09,92.60332448404726,8.955932218173597,0.0010000000000000002,2.168404344971009e-19,0.06963492191426185,0.006030208458763208,0.15230023048827632,0.006452529840984176,0.003557414754231771,0.00017394262094347753,2.3696792157120396e-28
cifar-vs-uniform,entropy-2-mse,256,reject,4000,100,1.0,0.9630051925239981,0.9999999999999999,0.309865,0.008982999220750269,1.380553981219013e-149,1.3695759561821513e-148,73.23579317984384,2.327501330356313,2.275888273062243e-08,8.862035194464448e-09,659.1491919959481,15.966768091336235,0.0010000000000000002,2.168404344971009e-19,1.8656372148902234,0.0621150361686154,0.567842493632568,0.006665659657516689,0.00719873779296875,0.00012188659754692899,3.0368706967499086e-171
control-disjoint,jpeg_bytes,256,accept,4000,100,0.04,0.015663050551848016,0.09837217232607373,0.019055,0.0050130554555081475,0.5076770503992204,0.2696925704109611,0.15458501015633375,0.12765605121201604,0.50841310035426,0.2682835746073775,-0.03079928629703725,0.878522817774043,0.2226168058045318,0.06168440049427436,0.012041554347590792,0.002448141988472158,0.06450946125108409,0.006349021905081619,0.00033532558441162096,0.00010671073614556994,0.49168787427151
cifar10-vs-cifar100,jpeg_bytes,256,reject,4000,100,0.87,0.7901947810519012,0.9224290614158575,0.036225,0.00564042329971785,0.023802486252194024,0.03232099948233439,0.8356741635938261,0.3064788689058843,0.015820324940413,0.020095266341071866,7.0604574660156265,2.655304677194003,0.0033416486906707866,0.005784137099844476,0.020361725092053674,0.004107541341673297,0.08668389916418008,0.00860884511313976,0.0010001099395751949,0.0001652985724852953,0.01340308020385905
cifar-vs-imagenet64,jpeg_bytes,256,reject,4000,100,1.0,0.9630051925239981,0.9999999999999999,0.6677600000000001,0.007876065007349798,0.0,0.0,376.56988456500017,7.445688439837198,1.0851113210308406e-07,1.673200192939768e-08,2363.038143260563,44.07154319678379,0.0010000000000000002,2.168404344971009e-19,1.1756212729105144,0.02845222761342332,0.665510728791779,0.006181870101480388,0.03206175579071046,0.0003726250768005084,0.0
cifar-vs-dtd,jpeg_bytes,256,reject,4000,100,1.0,0.9630051925239981,0.9999999999999999,0.956705,0.0020193996632662894,0.0,0.0,639.8240422115626,1.4728355466070606,1.7296185455317748e-07,4.945807573101319e-09,3905.2123110952143,8.654599779425098,0.0010000000000000002,2.168404344971009e-19,3.6269222316919114,0.06106840146444136,0.929726124273025,0.001968355062216391,0.14380824119567873,0.0005969763087304266,0.0
cifar-vs-oneclass,jpeg_bytes,256,reject,3000,100,1.0,0.9630051925239981,0.9999999999999999,0.24621333333333337,0.008891883939863364,8.463132236661989e-66,8.420701076828006e-65,44.86454884416665,2.954843490255863,1.093340233904172e-08,5.046255357503497e-09,304.266516688649,18.90572752031698,0.0010000000000000002,2.168404344971009e-19,0.24301835933650026,0.016491956982368248,0.26400474879861663,0.007676492191530508,0.006020182088216146,0.00021556063202525155,3.6190564059893946e-80
cifar-vs-uniform,jpeg_bytes,256,reject,4000,100,1.0,0.9630051925239981,0.9999999999999999,1.0,0.0,0.0,0.0,666.670571874375,9.123588575787093e-05,1.9206784011682741e-07,3.2505430271238255e-13,4064.2898570729913,0.05846279516145356,0.0010000000000000002,2.168404344971009e-19,6.229318617528529,0.014082092660158828,0.9907629499049182,6.366202230953638e-05,0.10744490509033204,0.00018016649935382684,0.0
control-disjoint,pixel_std,256,accept,4000,100,0.03,0.010254338223414816,0.08452078080402699,0.018260000000000002,0.005798590345937537,0.5604537729806939,0.30646247544565647,0.1425322056250843,0.14854187879870637,0.5810729091049069,0.30313278612637384,-0.19441909739206448,1.000601285012401,0.22710134518768815,0.05992179032550871,0.010576349228855728,0.0021814513824033642,0.06120769453610419,0.006061834037788358,0.001396716261804104,0.0005473326199802633,0.5912812970766771
cifar10-vs-cifar100,pixel_std,256,reject,4000,100,0.99,0.9455124752390653,0.9982326134344526,0.04787500000000001,0.00840732567467206,0.0033286484759582208,0.009809384765541437,1.7968390612500753,0.7857353627189797,0.004474981401545392,0.025184873981546514,12.83471145938322,5.502161264945441,0.0019788539828010532,0.005929869980066754,0.017879687959402167,0.003161878458912239,0.0822279380095964,0.007224186419015431,0.005849652166310698,0.0012493784857395614,0.0002651810504204797
cifar-vs-imagenet64,pixel_std,256,reject,4000,100,1.0,0.9630051925239981,0.9999999999999999,0.09439500000000002,0.011102205861899696,4.7474883339565495e-09,4.693180677485123e-08,9.223267415156327,2.0399065028102656,6.315736988948828e-10,6.88712938910535e-10,62.387652515826595,13.245028960766737,0.0010000000000000002,2.168404344971009e-19,0.03701376000818664,0.0050047246281033665,0.11618952755351523,0.007710290818942028,0.012536557112666777,0.0012971223597743294,3.299400870982523e-16
cifar-vs-dtd,pixel_std,256,reject,4000,100,1.0,0.9630051925239981,0.9999999999999999,0.1198875,0.005940472939926585,1.952117825753797e-20,1.926644811954726e-19,11.281813088125089,1.1844148139674828,1.0469564570847467e-09,1.111725651646621e-09,97.75541049256225,8.41843524217439,0.0010000000000000002,2.168404344971009e-19,0.08874026329185476,0.0058398925761807665,0.19237133890671,0.006568981651879904,0.01669836853612214,0.0006652260571164579,2.2150679999154275e-25
cifar-vs-oneclass,pixel_std,256,reject,3000,100,1.0,0.9630051925239981,0.9999999999999999,0.2244366666666667,0.008169141801791529,1.3546593075757002e-56,1.1655670125082653e-55,32.85003369944442,2.357348455007019,7.769797683021552e-09,4.585022537060521e-09,238.12437410457798,15.31598225656322,0.0010000000000000002,2.168404344971009e-19,0.2536314881098486,0.015438926557818694,0.2585040423119696,0.0066984866150915845,0.02351998676219334,0.0008517679577143362,9.646574991307112e-67
cifar-vs-uniform,pixel_std,256,reject,4000,100,1.0,0.9630051925239981,0.9999999999999999,0.51684,0.008333255666304744,0.0,0.0,158.07965424234382,2.2725006729790183,4.7609166511364265e-08,9.80978611267433e-09,1241.8257008851747,11.531452417763147,0.0010000000000000002,2.168404344971009e-19,4.58672428723648,0.06494911437630177,0.8618932671078816,0.00681421023889588,0.043023728646785026,0.0005208314421768525,0.0
control-disjoint,pixel_entropy,256,accept,4000,100,0.02,0.005501852234968185,0.07001316294199365,0.017987500000000003,0.004816686490731985,0.5656279485017164,0.26964317514599073,0.127125931718831,0.0870972413431628,0.5645218905158599,0.26782416042704366,-0.24350817164037966,0.6468460094301794,0.23591276906962577,0.04210479279113889,0.009946886998209427,0.0021268825288071258,0.05873208152354148,0.006063418672271452,0.015896996729075907,0.004861264608225545,0.6193776728396316
cifar10-vs-cifar100,pixel_entropy,256,reject,4000,100,1.0,0.9630051925239981,0.9999999999999999,0.06836750000000001,0.00921740574945033,8.567453362811195e-06,4.541681613622508e-05,4.428920479843835,1.2095477265291392,8.831693672584073e-07,5.857018377669352e-06,30.09858642008642,8.157302331617613,0.0010000000000000002,2.168404344971009e-19,0.02142629602538556,0.003879248011932383,0.08915326325765735,0.008419592361469986,0.09503568179756403,0.01330031380649769,1.3048771085991572e-08
cifar-vs-imagenet64,pixel_entropy,256,reject,4000,100,1.0,0.9630051925239981,0.9999999999999999,0.054367500000000006,0.009094466380717453,0.0012383170579886083,0.005336352919415907,2.3273940412500815,0.8493871804881834,0.0003666778499321943,0.001406893440336347,14.53720000749185,5.398109860456843,0.0010642619922101367,0.0003316879782441199,0.01817891568600746,0.0034749576644992246,0.08194593948820414,0.007858000724970369,0.05915188173443078,0.00801336505226816,1.3780524954750881e-05
cifar-vs-dtd,pixel_entropy,256,reject,4000,100,1.0,0.9630051925239981,0.9999999999999999,0.1563175,0.0075553668838779795,9.252574889622495e-36,6.468949607202804e-35,23.837746347031324,2.1855264625846615,4.686235743900369e-09,3.115044463508995e-09,163.8367912910279,13.752233624658363,0.0010000000000000002,2.168404344971009e-19,0.08105457228172243,0.005458255458370019,0.17806777022240233,0.006010556502733656,0.28723923857182265,0.010778401301845666,1.1673368174361398e-42
cifar-vs-oneclass,pixel_entropy,256,reject,3000,100,1.0,0.9630051925239981,0.9999999999999999,0.26358,0.008831461436880713,4.6693376216582205e-78,3.5909465863981614e-77,48.227116068611075,2.9895406295506683,1.3204522506526928e-08,5.829281173804997e-09,309.1317553706287,18.750645068511773,0.0010000000000000002,2.168404344971009e-19,0.18600752661320094,0.011498731855117626,0.2483679851051334,0.007433186623484688,0.25861995872775717,0.009861099233895795,2.6643868536348544e-92
cifar-vs-uniform,pixel_entropy,256,reject,4000,100,1.0,0.9630051925239981,0.9999999999999999,0.6548100000000001,0.0073641971728084475,0.0,0.0,233.14230518546887,5.575123387993825,7.724646379547728e-08,1.5833747574905445e-08,1586.0520331577677,27.26580326808689,0.0010000000000000002,2.168404344971009e-19,4.880123999701852,0.07279293653963209,0.8399037812236853,0.008824057487601998,0.4544449535685778,0.005422151916028907,0.0
control-disjoint,BRISQUE,256,accept,4000,100,0.04,0.015663050551848016,0.09837217232607373,0.019809999999999998,0.005847555044631902,0.4768984312554229,0.27933789807735265,0.1950150735938382,0.18537669966850304,0.43407416110608954,0.2847951256118267,0.1216412095372333,1.1888979974901714,0.21479565257314115,0.06372985775496981,0.010863497855641778,0.0021328247074967298,0.06243916752832474,0.006147762762832066,0.19188103673934936,0.06546632378875702,0.43247526803789643
cifar10-vs-cifar100,BRISQUE,256,reject,4000,100,1.0,0.9630051925239981,0.9999999999999999,0.048927500000000006,0.008159909236627575,0.0020050473194765626,0.004272024460193157,1.3992779073438124,0.4849989853244786,0.002572990186270153,0.005543560449723057,10.431222486040816,3.4743781458168317,0.0013584327855395448,0.0014793650516308553,0.019018886970300176,0.0032884891700390327,0.08434820319357766,0.007466032027434959,0.6351982465553284,0.09208649201853544,0.00011048478875994863
cifar-vs-imagenet64,BRISQUE,256,reject,4000,100,1.0,0.9630051925239981,0.9999999999999999,0.9167325000000001,0.004042470624506753,0.0,0.0,609.5796472853125,3.6673648123833553,1.456413477041174e-07,1.2007607166898902e-08,3720.4496491618424,22.323893427014863,0.0010000000000000002,2.168404344971009e-19,2.9098848811268723,0.06388579200863327,0.894786999781636,0.0038757807320329357,24.2249985649681,0.15010935485158255,0.0
cifar-vs-dtd,BRISQUE,256,reject,4000,100,1.0,0.9630051925239981,0.9999999999999999,0.8687575000000001,0.0028608248373502405,0.0,0.0,457.47383727734393,4.11357334647906,1.349348940038464e-07,1.7908124847652493e-08,2768.6460107331886,22.659404773300313,0.0010000000000000002,2.168404344971009e-19,3.7645374817476824,0.06728371329512213,0.9427120780036211,0.0020157201088902683,62.246323222957706,0.18740993714690815,0.0
cifar-vs-oneclass,BRISQUE,256,reject,1014,100,1.0,0.9630051925239981,0.9999999999999999,0.19308678500986193,0.014228069415756616,3.5210474012268017e-12,3.177681638004224e-11,7.452955800742242,1.1640357476449572,4.3034248498052816e-10,4.5458745023092457e-10,54.24731531750555,7.61710748148966,0.0010000000000000002,2.168404344971009e-19,0.19113016319503218,0.020896626791476237,0.2326136078822007,0.011670775731826828,2.333041140464166,0.1686959298689366,2.5709681047200592e-17
cifar-vs-uniform,BRISQUE,256,reject,4000,100,1.0,0.9630051925239981,0.9999999999999999,1.0,0.0,0.0,0.0,666.6666882528127,1.1455118732594189e-07,1.920540027455786e-07,4.604414927850737e-16,4058.589127881668,0.0011748902465738098,0.0010000000000000002,2.168404344971009e-19,5.788261185190364,0.019225389091759373,0.9885569749074944,0.00010323777629721031,25.27438524694443,0.09108460130174759,0.0
