comparison,expected,representation,dims,test,n,repeats,im_size,detect,detect_lo,detect_hi,effect_mean,effect_sd
control-disjoint,accept,AE-scalar,1,KS,250,200,256,0.025,0.010724561470787711,0.05717914415161715,0.07362,0.021354521769405187
control-disjoint,accept,AE-scalar,1,C2ST,250,200,256,0.05,0.027382349028644986,0.08957905629784384,0.50358,0.03254387192698498
control-disjoint,accept,AE-64d,64,C2ST,250,200,256,0.055,0.030985020801370097,0.0957879244659355,0.49823999999999996,0.03312676259461526
control-disjoint,accept,jpeg-scalar,1,KS,250,200,256,0.04,0.02040538715065641,0.07693293829419882,0.07311999999999999,0.022507456542221735
control-disjoint,accept,jpeg-scalar,1,C2ST,250,200,256,0.025,0.010724561470787711,0.05717914415161715,0.49914000000000003,0.031250926386268946
control-disjoint,accept,AE-scalar,1,KS,500,200,256,0.035,0.017055324637357105,0.07047146086668134,0.05278000000000001,0.016004736798835524
control-disjoint,accept,AE-scalar,1,C2ST,500,200,256,0.05,0.027382349028644986,0.08957905629784384,0.50075,0.021778372299141195
control-disjoint,accept,AE-64d,64,C2ST,500,200,256,0.045,0.023852271724704166,0.08329759366096785,0.49889000000000006,0.023280633582443592
control-disjoint,accept,jpeg-scalar,1,KS,500,200,256,0.045,0.023852271724704166,0.08329759366096785,0.05310000000000001,0.015768005580922402
control-disjoint,accept,jpeg-scalar,1,C2ST,500,200,256,0.07,0.04215178292291873,0.11405578216683726,0.50232,0.022288508249768545
control-disjoint,accept,AE-scalar,1,KS,1000,200,256,0.05,0.027382349028644986,0.08957905629784384,0.037545,0.011848543159393056
control-disjoint,accept,AE-scalar,1,C2ST,1000,200,256,0.055,0.030985020801370097,0.0957879244659355,0.5021,0.01640335331570958
control-disjoint,accept,AE-64d,64,C2ST,1000,200,256,0.045,0.023852271724704166,0.08329759366096785,0.49999000000000005,0.016248689177899872
control-disjoint,accept,jpeg-scalar,1,KS,1000,200,256,0.05,0.027382349028644986,0.08957905629784384,0.03798,0.012007481001442392
control-disjoint,accept,jpeg-scalar,1,C2ST,1000,200,256,0.04,0.02040538715065641,0.07693293829419882,0.5014400000000001,0.015846968164289352
cifar10-vs-cifar100,reject,AE-scalar,1,KS,250,200,256,0.095,0.06166261364986359,0.14360265114397636,0.08507999999999999,0.027561451340595258
cifar10-vs-cifar100,reject,AE-scalar,1,C2ST,250,200,256,0.085,0.05374529946985246,0.13189688544235392,0.51066,0.036002838776963135
cifar10-vs-cifar100,reject,AE-64d,64,C2ST,250,200,256,0.23,0.1770925624139232,0.2930842807819702,0.52972,0.03266927608625572
cifar10-vs-cifar100,reject,jpeg-scalar,1,KS,250,200,256,0.105,0.0697069624619373,0.15518138221353622,0.08402,0.02664281516656977
cifar10-vs-cifar100,reject,jpeg-scalar,1,C2ST,250,200,256,0.055,0.030985020801370097,0.0957879244659355,0.50098,0.03441278250882948
cifar10-vs-cifar100,reject,AE-scalar,1,KS,500,200,256,0.255,0.19960402982802747,0.3196305130719498,0.06905000000000001,0.02177791312316219
cifar10-vs-cifar100,reject,AE-scalar,1,C2ST,500,200,256,0.125,0.0861191515921568,0.1780153528465839,0.51166,0.023969238619530667
cifar10-vs-cifar100,reject,AE-64d,64,C2ST,500,200,256,0.58,0.5107194625547862,0.6462651764982825,0.53907,0.022928477925933062
cifar10-vs-cifar100,reject,jpeg-scalar,1,KS,500,200,256,0.145,0.1028928513530641,0.20048781284894374,0.06528,0.01979498926496299
cifar10-vs-cifar100,reject,jpeg-scalar,1,C2ST,500,200,256,0.045,0.023852271724704166,0.08329759366096785,0.4997,0.02337070816214178
cifar10-vs-cifar100,reject,AE-scalar,1,KS,1000,200,256,0.415,0.3489416917324964,0.48426212927361817,0.059155,0.017175301307400696
cifar10-vs-cifar100,reject,AE-scalar,1,C2ST,1000,200,256,0.29,0.2315392689125782,0.3563760535731166,0.51569,0.017876070597309706
cifar10-vs-cifar100,reject,AE-64d,64,C2ST,1000,200,256,0.88,0.8276563857409517,0.9180206497611246,0.54669,0.0170518004914437
cifar10-vs-cifar100,reject,jpeg-scalar,1,KS,1000,200,256,0.19,0.14167093792456506,0.250013585744794,0.05005000000000001,0.014070447754069522
cifar10-vs-cifar100,reject,jpeg-scalar,1,C2ST,1000,200,256,0.075,0.045974507057252416,0.12004459797332034,0.50082,0.018846686711462057
cifar-vs-imagenet64,reject,AE-scalar,1,KS,250,200,256,0.645,0.5765198448160798,0.7080148134676072,0.13508,0.03721227754384297
cifar-vs-imagenet64,reject,AE-scalar,1,C2ST,250,200,256,0.41,0.34415559179081295,0.4792366892744849,0.54374,0.03747228842758338
cifar-vs-imagenet64,reject,AE-64d,64,C2ST,250,200,256,1.0,0.9811539940816791,1.0,0.66862,0.031053753396328748
cifar-vs-imagenet64,reject,jpeg-scalar,1,KS,250,200,256,1.0,0.9811539940816791,1.0,0.6784,0.03187224497897817
cifar-vs-imagenet64,reject,jpeg-scalar,1,C2ST,250,200,256,1.0,0.9811539940816791,1.0,0.82808,0.02319986206855548
cifar-vs-imagenet64,reject,AE-scalar,1,KS,500,200,256,0.925,0.8799554020266798,0.9540254929427476,0.12624000000000002,0.0257554343780104
cifar-vs-imagenet64,reject,AE-scalar,1,C2ST,500,200,256,0.74,0.6750912860870691,0.795862631072137,0.54948,0.020458973581291888
cifar-vs-imagenet64,reject,AE-64d,64,C2ST,500,200,256,1.0,0.9811539940816791,1.0,0.6812699999999999,0.02094581342416663
cifar-vs-imagenet64,reject,jpeg-scalar,1,KS,500,200,256,1.0,0.9811539940816791,1.0,0.6726300000000001,0.02232628719693445
cifar-vs-imagenet64,reject,jpeg-scalar,1,C2ST,500,200,256,1.0,0.9811539940816791,1.0,0.8264199999999999,0.01699716446940487
cifar-vs-imagenet64,reject,AE-scalar,1,KS,1000,200,256,1.0,0.9811539940816791,1.0,0.117125,0.02124121877388395
cifar-vs-imagenet64,reject,AE-scalar,1,C2ST,1000,200,256,0.925,0.8799554020266798,0.9540254929427476,0.54932,0.015561092506633312
cifar-vs-imagenet64,reject,AE-64d,64,C2ST,1000,200,256,1.0,0.9811539940816791,1.0,0.694905,0.014473284872481411
cifar-vs-imagenet64,reject,jpeg-scalar,1,KS,1000,200,256,1.0,0.9811539940816791,1.0,0.668605,0.014156587689129035
cifar-vs-imagenet64,reject,jpeg-scalar,1,C2ST,1000,200,256,1.0,0.9811539940816791,1.0,0.823565,0.011820142765635262
cifar-vs-dtd,reject,AE-scalar,1,KS,250,200,256,0.05,0.027382349028644986,0.08957905629784384,0.08161999999999998,0.024262225784127886
cifar-vs-dtd,reject,AE-scalar,1,C2ST,250,200,256,0.105,0.0697069624619373,0.15518138221353622,0.50936,0.03349373672793168
cifar-vs-dtd,reject,AE-64d,64,C2ST,250,200,256,1.0,0.9811539940816791,1.0,0.82938,0.02460438172358735
cifar-vs-dtd,reject,jpeg-scalar,1,KS,250,200,256,1.0,0.9811539940816791,1.0,0.9608199999999999,0.011807099559163549
cifar-vs-dtd,reject,jpeg-scalar,1,C2ST,250,200,256,1.0,0.9811539940816791,1.0,0.9637399999999999,0.01259890471429958
cifar-vs-dtd,reject,AE-scalar,1,KS,500,200,256,0.095,0.06166261364986359,0.14360265114397636,0.06416000000000001,0.0164114106645346
cifar-vs-dtd,reject,AE-scalar,1,C2ST,500,200,256,0.105,0.0697069624619373,0.15518138221353622,0.50703,0.024083170472344387
cifar-vs-dtd,reject,AE-64d,64,C2ST,500,200,256,1.0,0.9811539940816791,1.0,0.8428299999999999,0.017704550262573747
cifar-vs-dtd,reject,jpeg-scalar,1,KS,500,200,256,1.0,0.9811539940816791,1.0,0.9595699999999999,0.00818505345126103
cifar-vs-dtd,reject,jpeg-scalar,1,C2ST,500,200,256,1.0,0.9811539940816791,1.0,0.97015,0.007413332583932822
cifar-vs-dtd,reject,AE-scalar,1,KS,1000,200,256,0.3,0.24074644243406385,0.3667919599332645,0.05452,0.012124751543846167
cifar-vs-dtd,reject,AE-scalar,1,C2ST,1000,200,256,0.125,0.0861191515921568,0.1780153528465839,0.507745,0.016109313300075843
cifar-vs-dtd,reject,AE-64d,64,C2ST,1000,200,256,1.0,0.9811539940816791,1.0,0.8533449999999999,0.012435271408377071
cifar-vs-dtd,reject,jpeg-scalar,1,KS,1000,200,256,1.0,0.9811539940816791,1.0,0.9588199999999999,0.005512494897956827
cifar-vs-dtd,reject,jpeg-scalar,1,C2ST,1000,200,256,1.0,0.9811539940816791,1.0,0.97245,0.004971669739634768
cifar-vs-oneclass,reject,AE-scalar,1,KS,250,200,256,0.915,0.8681031145576462,0.9462547005301477,0.17269999999999996,0.0394673282602205
cifar-vs-oneclass,reject,AE-scalar,1,C2ST,250,200,256,0.66,0.5918836703220929,0.7220856077840445,0.56758,0.03314307770862566
cifar-vs-oneclass,reject,AE-64d,64,C2ST,250,200,256,1.0,0.9811539940816791,1.0,0.6779599999999999,0.02707024935237943
cifar-vs-oneclass,reject,jpeg-scalar,1,KS,250,200,256,1.0,0.9811539940816791,1.0,0.27188,0.038209757916008835
cifar-vs-oneclass,reject,jpeg-scalar,1,C2ST,250,200,256,0.985,0.9568335194437211,0.9948858548155076,0.61354,0.029305774175066614
cifar-vs-oneclass,reject,AE-scalar,1,KS,500,200,256,1.0,0.9811539940816791,1.0,0.15832999999999997,0.024777229465781682
cifar-vs-oneclass,reject,AE-scalar,1,C2ST,500,200,256,0.955,0.9167024063390322,0.9761477282752958,0.5700400000000001,0.019045167366027505
cifar-vs-oneclass,reject,AE-64d,64,C2ST,500,200,256,1.0,0.9811539940816791,1.0,0.6925199999999999,0.021852450663483923
cifar-vs-oneclass,reject,jpeg-scalar,1,KS,500,200,256,1.0,0.9811539940816791,1.0,0.26164000000000004,0.027218199793520508
cifar-vs-oneclass,reject,jpeg-scalar,1,C2ST,500,200,256,1.0,0.9811539940816791,1.0,0.61586,0.022201360318683194
cifar-vs-oneclass,reject,AE-scalar,1,KS,1000,200,256,1.0,0.9811539940816791,1.0,0.15476,0.018544875302897022
cifar-vs-oneclass,reject,AE-scalar,1,C2ST,1000,200,256,1.0,0.9811539940816791,1.0,0.5701550000000001,0.014025725471432816
cifar-vs-oneclass,reject,AE-64d,64,C2ST,1000,200,256,1.0,0.9811539940816791,1.0,0.7049150000000001,0.015271141902294002
cifar-vs-oneclass,reject,jpeg-scalar,1,KS,1000,200,256,1.0,0.9811539940816791,1.0,0.256175,0.018663986042643733
cifar-vs-oneclass,reject,jpeg-scalar,1,C2ST,1000,200,256,1.0,0.9811539940816791,1.0,0.6161599999999999,0.012954705708737668
cifar-vs-uniform,reject,AE-scalar,1,KS,250,200,256,1.0,0.9811539940816791,1.0,0.32702,0.02906130760994763
cifar-vs-uniform,reject,AE-scalar,1,C2ST,250,200,256,0.24,0.1860652685202468,0.3037346545572801,0.52074,0.0436074810095699
cifar-vs-uniform,reject,AE-64d,64,C2ST,250,200,256,1.0,0.9811539940816791,1.0,0.9854999999999999,0.008113568881817676
cifar-vs-uniform,reject,jpeg-scalar,1,KS,250,200,256,1.0,0.9811539940816791,1.0,1.0,0.0
cifar-vs-uniform,reject,jpeg-scalar,1,C2ST,250,200,256,1.0,0.9811539940816791,1.0,1.0,0.0
cifar-vs-uniform,reject,AE-scalar,1,KS,500,200,256,1.0,0.9811539940816791,1.0,0.31828999999999996,0.023321575847270706
cifar-vs-uniform,reject,AE-scalar,1,C2ST,500,200,256,0.38,0.3155889366123922,0.4489341048080049,0.52396,0.03625463280740822
cifar-vs-uniform,reject,AE-64d,64,C2ST,500,200,256,1.0,0.9811539940816791,1.0,0.9896300000000001,0.004931845496363409
cifar-vs-uniform,reject,jpeg-scalar,1,KS,500,200,256,1.0,0.9811539940816791,1.0,1.0,0.0
cifar-vs-uniform,reject,jpeg-scalar,1,C2ST,500,200,256,1.0,0.9811539940816791,1.0,1.0,0.0
cifar-vs-uniform,reject,AE-scalar,1,KS,1000,200,256,1.0,0.9811539940816791,1.0,0.312535,0.0152760850678438
cifar-vs-uniform,reject,AE-scalar,1,C2ST,1000,200,256,0.515,0.44610724474630287,0.5833273750761476,0.5224799999999999,0.026995362564707304
cifar-vs-uniform,reject,AE-64d,64,C2ST,1000,200,256,1.0,0.9811539940816791,1.0,0.9926550000000001,0.0030440064060379404
cifar-vs-uniform,reject,jpeg-scalar,1,KS,1000,200,256,1.0,0.9811539940816791,1.0,1.0,0.0
cifar-vs-uniform,reject,jpeg-scalar,1,C2ST,1000,200,256,1.0,0.9811539940816791,1.0,1.0,0.0
