part,comparison,rung,rung_name,member,scorer,im_size,subset,test,n,k_classes,repeats,detect,detect_lo,detect_hi,effect_mean,effect_sd
null_redrawn,cifar10-vs-cifar10,1,colour moments,colour,colour-moments,32,-1,C2ST,1000,,1000,0.051,0.0390007506426279,0.0664358042879507,0.499309,0.015999609963996
null_redrawn,cifar10-vs-cifar10,2,random pixel projection,s0,random-pixels-s0-64d,32,-1,C2ST,1000,,1000,0.044,0.0329380396904334,0.0585520918203546,0.5000829999999999,0.0155776157033096
null_redrawn,cifar10-vs-cifar10,2,random pixel projection,s1,random-pixels-s1-64d,32,-1,C2ST,1000,,1000,0.061,0.0477795604116388,0.0775804565472119,0.500749,0.0158240955191758
null_redrawn,cifar10-vs-cifar10,2,random pixel projection,s2,random-pixels-s2-64d,32,-1,C2ST,1000,,1000,0.045,0.0337993348428463,0.059683142870769,0.500317,0.0154755455800433
null_redrawn,cifar10-vs-cifar10,3,untrained AE (occupancy),s0,entropy-2-random-s0-64d,256,-1,C2ST,1000,,1000,0.046,0.034662312804573,0.0608125111118695,0.499897,0.0159169215302457
null_redrawn,cifar10-vs-cifar10,3,untrained AE (occupancy),s1,entropy-2-random-s1-64d,256,-1,C2ST,1000,,1000,0.043,0.032078481088301,0.0574193042196599,0.500805,0.0149337528772911
null_redrawn,cifar10-vs-cifar10,3,untrained AE (occupancy),s2,entropy-2-random-s2-64d,256,-1,C2ST,1000,,1000,0.044,0.0329380396904334,0.0585520918203546,0.5004550000000001,0.0160091840828944
null_redrawn,cifar10-vs-cifar10,3q,untrained AE (activation),s0,entropy-2-random-s0-act64d,256,-1,C2ST,1000,,1000,0.056,0.0433746096916023,0.0720236762531124,0.500227,0.0164698351843605
null_redrawn,cifar10-vs-cifar10,3q,untrained AE (activation),s1,entropy-2-random-s1-act64d,256,-1,C2ST,1000,,1000,0.04,0.0295108092739094,0.0540099374255698,0.500132,0.015719687528701
null_redrawn,cifar10-vs-cifar10,3q,untrained AE (activation),s2,entropy-2-random-s2-act64d,256,-1,C2ST,1000,,1000,0.047,0.0355269226598456,0.0619402474594241,0.500553,0.014959585254946
null_redrawn,cifar10-vs-cifar10,4,natural AE mse-2 (occupancy),mse,entropy-2-mse-64d,256,-1,C2ST,1000,,1000,0.042,0.0312207158280238,0.0562847232771098,0.500692,0.0156170783439156
null_redrawn,cifar10-vs-cifar10,4q,natural AE mse-2 (activation),mse,entropy-2-mse-act64d,256,-1,C2ST,1000,,1000,0.043,0.032078481088301,0.0574193042196599,0.5000589999999999,0.0158278084079887
null_redrawn,cifar10-vs-cifar10,5,untrained ResNet-18 (512),s0,resnet18-random-s0,224,-1,C2ST,1000,,1000,0.04,0.0295108092739094,0.0540099374255698,0.499478,0.0153860168984698
null_redrawn,cifar10-vs-cifar10,5,untrained ResNet-18 (512),s1,resnet18-random-s1,224,-1,C2ST,1000,,1000,0.043,0.032078481088301,0.0574193042196599,0.499366,0.0154800531006841
null_redrawn,cifar10-vs-cifar10,5,untrained ResNet-18 (512),s2,resnet18-random-s2,224,-1,C2ST,1000,,1000,0.053,0.0407463084223393,0.0686749389138938,0.5001089999999999,0.0161265346246489
null_redrawn,cifar10-vs-cifar10,5m,untrained ResNet-18 (64 ch),s0,resnet18-random-s0,224,0,C2ST,1000,,1000,0.046,0.034662312804573,0.0608125111118695,0.500077,0.0152669273594918
null_redrawn,cifar10-vs-cifar10,5m,untrained ResNet-18 (64 ch),s1,resnet18-random-s1,224,1,C2ST,1000,,1000,0.062,0.0486639632610146,0.0786883999006634,0.500691,0.0161539939024378
null_redrawn,cifar10-vs-cifar10,5m,untrained ResNet-18 (64 ch),s2,resnet18-random-s2,224,2,C2ST,1000,,1000,0.054,0.0416211145851398,0.0697924789539205,0.5002920000000001,0.0158910898304679
null_redrawn,cifar10-vs-cifar10,6,ImageNet ResNet-18 (512),imagenet,resnet18-imagenet,224,-1,C2ST,1000,,1000,0.04,0.0295108092739094,0.0540099374255698,0.5003350000000001,0.0154174179096241
null_redrawn,cifar10-vs-cifar10,6m,ImageNet ResNet-18 (64 ch),sub0,resnet18-imagenet,224,0,C2ST,1000,,1000,0.051,0.0390007506426279,0.0664358042879507,0.5000809999999999,0.0159870709950259
null_redrawn,cifar10-vs-cifar10,6m,ImageNet ResNet-18 (64 ch),sub1,resnet18-imagenet,224,1,C2ST,1000,,1000,0.058,0.0451330700715937,0.0742499082787754,0.500227,0.0162901034680569
null_redrawn,cifar10-vs-cifar10,6m,ImageNet ResNet-18 (64 ch),sub2,resnet18-imagenet,224,2,C2ST,1000,,1000,0.054,0.0416211145851398,0.0697924789539205,0.500664,0.0165336960175273
null_redrawn,cifar10-vs-cifar10,ref,JPEG bytes (scalar KS),jpeg,jpeg_bytes,256,-1,KS,1000,,1000,0.063,0.049549444227037,0.0797952651374683,0.038495,0.0124292387136139
primary,cifar10-vs-cifar100,1,colour moments,colour,colour-moments,32,-1,C2ST,100,,200,0.085,0.05374529946985246,0.13189688544235392,0.5124500000000001,0.05214880152026507
primary,cifar10-vs-cifar100,1,colour moments,colour,colour-moments,32,-1,C2ST,250,,200,0.17,0.12427835351105657,0.22816001039503528,0.51846,0.03552278705282006
primary,cifar10-vs-cifar100,1,colour moments,colour,colour-moments,32,-1,C2ST,500,,200,0.29,0.2315392689125782,0.3563760535731166,0.522,0.025798449565816946
primary,cifar10-vs-cifar100,1,colour moments,colour,colour-moments,32,-1,C2ST,1000,,200,0.525,0.45597270710507,0.5930849925990139,0.52798,0.01867617733905952
primary,cifar10-vs-cifar100,2,random pixel projection,s0,random-pixels-s0-64d,32,-1,C2ST,100,,200,0.095,0.06166261364986359,0.14360265114397636,0.5126,0.05185788271805937
primary,cifar10-vs-cifar100,2,random pixel projection,s0,random-pixels-s0-64d,32,-1,C2ST,250,,200,0.105,0.0697069624619373,0.15518138221353622,0.5135200000000001,0.03317001055170168
primary,cifar10-vs-cifar100,2,random pixel projection,s0,random-pixels-s0-64d,32,-1,C2ST,500,,200,0.22,0.16816453539463405,0.2823892279196257,0.51826,0.02382125941254997
primary,cifar10-vs-cifar100,2,random pixel projection,s0,random-pixels-s0-64d,32,-1,C2ST,1000,,200,0.525,0.45597270710507,0.5930849925990139,0.52732,0.01584669050622244
primary,cifar10-vs-cifar100,2,random pixel projection,s1,random-pixels-s1-64d,32,-1,C2ST,100,,200,0.07,0.04215178292291873,0.11405578216683726,0.5071,0.051113501151848324
primary,cifar10-vs-cifar100,2,random pixel projection,s1,random-pixels-s1-64d,32,-1,C2ST,250,,200,0.08,0.04984015517626642,0.12599048979512317,0.51136,0.03139538819635777
primary,cifar10-vs-cifar100,2,random pixel projection,s1,random-pixels-s1-64d,32,-1,C2ST,500,,200,0.185,0.13730116322736063,0.2445718205011816,0.51837,0.02245981077391349
primary,cifar10-vs-cifar100,2,random pixel projection,s1,random-pixels-s1-64d,32,-1,C2ST,1000,,200,0.455,0.38748099090226035,0.5242151496303886,0.52502,0.016728406977354428
primary,cifar10-vs-cifar100,2,random pixel projection,s2,random-pixels-s2-64d,32,-1,C2ST,100,,200,0.065,0.03837598764975976,0.10802003749917945,0.5106,0.04840082643922519
primary,cifar10-vs-cifar100,2,random pixel projection,s2,random-pixels-s2-64d,32,-1,C2ST,250,,200,0.145,0.1028928513530641,0.20048781284894374,0.52068,0.031592682697105676
primary,cifar10-vs-cifar100,2,random pixel projection,s2,random-pixels-s2-64d,32,-1,C2ST,500,,200,0.245,0.19056777914685893,0.3090436838714848,0.52066,0.02198100088712979
primary,cifar10-vs-cifar100,2,random pixel projection,s2,random-pixels-s2-64d,32,-1,C2ST,1000,,200,0.5,0.43135962209034523,0.5686403779096547,0.52557,0.014861867312017031
primary,cifar10-vs-cifar100,3,untrained AE (occupancy),s0,entropy-2-random-s0-64d,256,-1,C2ST,100,,200,0.2,0.15045120743928825,0.26085639611170436,0.53935,0.051779122240532424
primary,cifar10-vs-cifar100,3,untrained AE (occupancy),s0,entropy-2-random-s0-64d,256,-1,C2ST,250,,200,0.465,0.39718443070423204,0.5341347897100506,0.55534,0.03442737863968152
primary,cifar10-vs-cifar100,3,untrained AE (occupancy),s0,entropy-2-random-s0-64d,256,-1,C2ST,500,,200,0.93,0.8859442178331628,0.9578482170770813,0.57163,0.024831494115336656
primary,cifar10-vs-cifar100,3,untrained AE (occupancy),s0,entropy-2-random-s0-64d,256,-1,C2ST,1000,,200,1.0,0.9811539940816791,1.0,0.585795,0.01639704165390818
primary,cifar10-vs-cifar100,3,untrained AE (occupancy),s1,entropy-2-random-s1-64d,256,-1,C2ST,100,,200,0.155,0.11139568514638545,0.211608058937256,0.53075,0.051077759347880565
primary,cifar10-vs-cifar100,3,untrained AE (occupancy),s1,entropy-2-random-s1-64d,256,-1,C2ST,250,,200,0.48,0.4117904407948983,0.5489633994418346,0.5497,0.03551323696876982
primary,cifar10-vs-cifar100,3,untrained AE (occupancy),s1,entropy-2-random-s1-64d,256,-1,C2ST,500,,200,0.815,0.7554281794988185,0.8626988367726394,0.55904,0.024185086313676843
primary,cifar10-vs-cifar100,3,untrained AE (occupancy),s1,entropy-2-random-s1-64d,256,-1,C2ST,1000,,200,1.0,0.9811539940816791,1.0,0.57321,0.016511689798442777
primary,cifar10-vs-cifar100,3,untrained AE (occupancy),s2,entropy-2-random-s2-64d,256,-1,C2ST,100,,200,0.125,0.0861191515921568,0.1780153528465839,0.52675,0.04793680736135856
primary,cifar10-vs-cifar100,3,untrained AE (occupancy),s2,entropy-2-random-s2-64d,256,-1,C2ST,250,,200,0.37,0.3061249750375241,0.43877498650123936,0.54244,0.03079166120884028
primary,cifar10-vs-cifar100,3,untrained AE (occupancy),s2,entropy-2-random-s2-64d,256,-1,C2ST,500,,200,0.675,0.6073185684304498,0.736085329498138,0.55258,0.025904123223919374
primary,cifar10-vs-cifar100,3,untrained AE (occupancy),s2,entropy-2-random-s2-64d,256,-1,C2ST,1000,,200,0.985,0.9568335194437211,0.9948858548155076,0.564795,0.01782254120488992
primary,cifar10-vs-cifar100,3q,untrained AE (activation),s0,entropy-2-random-s0-act64d,256,-1,C2ST,100,,200,0.13,0.09028141365225628,0.18366463072730121,0.5252,0.051700676978159575
primary,cifar10-vs-cifar100,3q,untrained AE (activation),s0,entropy-2-random-s0-act64d,256,-1,C2ST,250,,200,0.29,0.2315392689125782,0.3563760535731166,0.53134,0.03782015864588618
primary,cifar10-vs-cifar100,3q,untrained AE (activation),s0,entropy-2-random-s0-act64d,256,-1,C2ST,500,,200,0.555,0.4857317563236392,0.6221951830253456,0.54011,0.02249461935663726
primary,cifar10-vs-cifar100,3q,untrained AE (activation),s0,entropy-2-random-s0-act64d,256,-1,C2ST,1000,,200,0.925,0.8799554020266798,0.9540254929427476,0.549435,0.015587359462076938
primary,cifar10-vs-cifar100,3q,untrained AE (activation),s1,entropy-2-random-s1-act64d,256,-1,C2ST,100,,200,0.115,0.07786317221824318,0.16664825233886393,0.5223,0.05474221405825672
primary,cifar10-vs-cifar100,3q,untrained AE (activation),s1,entropy-2-random-s1-act64d,256,-1,C2ST,250,,200,0.215,0.16371792563672208,0.2770242977367209,0.5289600000000001,0.03316682680028344
primary,cifar10-vs-cifar100,3q,untrained AE (activation),s1,entropy-2-random-s1-act64d,256,-1,C2ST,500,,200,0.46,0.39232931140961247,0.5291783690638533,0.53518,0.02295925956994258
primary,cifar10-vs-cifar100,3q,untrained AE (activation),s1,entropy-2-random-s1-act64d,256,-1,C2ST,1000,,200,0.88,0.8276563857409517,0.9180206497611246,0.545325,0.015462838516908845
primary,cifar10-vs-cifar100,3q,untrained AE (activation),s2,entropy-2-random-s2-act64d,256,-1,C2ST,100,,200,0.12,0.08197935023887545,0.17234361425904846,0.5168,0.05404405610240593
primary,cifar10-vs-cifar100,3q,untrained AE (activation),s2,entropy-2-random-s2-act64d,256,-1,C2ST,250,,200,0.21,0.15928329527863416,0.271647388153992,0.52656,0.03129227380680413
primary,cifar10-vs-cifar100,3q,untrained AE (activation),s2,entropy-2-random-s2-act64d,256,-1,C2ST,500,,200,0.51,0.441184632709161,0.5784384471724727,0.53823,0.023475244407673367
primary,cifar10-vs-cifar100,3q,untrained AE (activation),s2,entropy-2-random-s2-act64d,256,-1,C2ST,1000,,200,0.905,0.8563973488560237,0.9383373863501365,0.547255,0.01617930699999229
primary,cifar10-vs-cifar100,4,natural AE mse-2 (occupancy),mse,entropy-2-mse-64d,256,-1,C2ST,100,,200,0.115,0.07786317221824318,0.16664825233886393,0.5214,0.054562258017791014
primary,cifar10-vs-cifar100,4,natural AE mse-2 (occupancy),mse,entropy-2-mse-64d,256,-1,C2ST,250,,200,0.23,0.1770925624139232,0.2930842807819702,0.5329200000000001,0.03229045679453915
primary,cifar10-vs-cifar100,4,natural AE mse-2 (occupancy),mse,entropy-2-mse-64d,256,-1,C2ST,500,,200,0.54,0.4708216309361468,0.6076706885903875,0.54133,0.02147768842310549
primary,cifar10-vs-cifar100,4,natural AE mse-2 (occupancy),mse,entropy-2-mse-64d,256,-1,C2ST,1000,,200,0.89,0.8390720169908702,0.9262280983928396,0.5475500000000001,0.016434034805853356
primary,cifar10-vs-cifar100,4q,natural AE mse-2 (activation),mse,entropy-2-mse-act64d,256,-1,C2ST,100,,200,0.14,0.09866918625271481,0.19489993800847627,0.52845,0.04830214798536396
primary,cifar10-vs-cifar100,4q,natural AE mse-2 (activation),mse,entropy-2-mse-act64d,256,-1,C2ST,250,,200,0.29,0.2315392689125782,0.3563760535731166,0.53848,0.029552827275913882
primary,cifar10-vs-cifar100,4q,natural AE mse-2 (activation),mse,entropy-2-mse-act64d,256,-1,C2ST,500,,200,0.655,0.5867546071792236,0.7174031309860971,0.54278,0.021571082494858704
primary,cifar10-vs-cifar100,4q,natural AE mse-2 (activation),mse,entropy-2-mse-act64d,256,-1,C2ST,1000,,200,0.97,0.9361048802675267,0.9861798741692518,0.55274,0.015499109651847726
primary,cifar10-vs-cifar100,5,untrained ResNet-18 (512),s0,resnet18-random-s0,224,-1,C2ST,100,,200,0.105,0.0697069624619373,0.15518138221353622,0.52715,0.04855283204922242
primary,cifar10-vs-cifar100,5,untrained ResNet-18 (512),s0,resnet18-random-s0,224,-1,C2ST,250,,200,0.435,0.368156071588974,0.5042939091804078,0.5484399999999999,0.031155840543949362
primary,cifar10-vs-cifar100,5,untrained ResNet-18 (512),s0,resnet18-random-s0,224,-1,C2ST,500,,200,0.8,0.7391436038882958,0.8495487925607118,0.55631,0.023888153968023542
primary,cifar10-vs-cifar100,5,untrained ResNet-18 (512),s0,resnet18-random-s0,224,-1,C2ST,1000,,200,0.995,0.9722256001302286,0.999116854010634,0.565615,0.017184783239831657
primary,cifar10-vs-cifar100,5,untrained ResNet-18 (512),s1,resnet18-random-s1,224,-1,C2ST,100,,200,0.18,0.13294550662534108,0.2391159371623843,0.53925,0.050546389584222536
primary,cifar10-vs-cifar100,5,untrained ResNet-18 (512),s1,resnet18-random-s1,224,-1,C2ST,250,,200,0.43,0.36334204488394795,0.49929639594461706,0.54672,0.03312463735650549
primary,cifar10-vs-cifar100,5,untrained ResNet-18 (512),s1,resnet18-random-s1,224,-1,C2ST,500,,200,0.76,0.69626534544272,0.8139347314797533,0.55559,0.024182884443341306
primary,cifar10-vs-cifar100,5,untrained ResNet-18 (512),s1,resnet18-random-s1,224,-1,C2ST,1000,,200,0.98,0.9497121344948062,0.9921956998236058,0.567355,0.01766802125310016
primary,cifar10-vs-cifar100,5,untrained ResNet-18 (512),s2,resnet18-random-s2,224,-1,C2ST,100,,200,0.13,0.09028141365225628,0.18366463072730121,0.5305,0.04800781186432058
primary,cifar10-vs-cifar100,5,untrained ResNet-18 (512),s2,resnet18-random-s2,224,-1,C2ST,250,,200,0.415,0.3489416917324964,0.48426212927361817,0.54436,0.035318414460448234
primary,cifar10-vs-cifar100,5,untrained ResNet-18 (512),s2,resnet18-random-s2,224,-1,C2ST,500,,200,0.72,0.6540756858222899,0.7776320715736488,0.55233,0.02577190524582921
primary,cifar10-vs-cifar100,5,untrained ResNet-18 (512),s2,resnet18-random-s2,224,-1,C2ST,1000,,200,0.985,0.9568335194437211,0.9948858548155076,0.56722,0.01648458674034624
primary,cifar10-vs-cifar100,5m,untrained ResNet-18 (64 ch),s0,resnet18-random-s0,224,0,C2ST,100,,200,0.17,0.12427835351105657,0.22816001039503528,0.53215,0.055126014729889546
primary,cifar10-vs-cifar100,5m,untrained ResNet-18 (64 ch),s0,resnet18-random-s0,224,0,C2ST,250,,200,0.355,0.29198518653239286,0.4234801551839203,0.5428400000000001,0.03270618290170835
primary,cifar10-vs-cifar100,5m,untrained ResNet-18 (64 ch),s0,resnet18-random-s0,224,0,C2ST,500,,200,0.835,0.7773410172613647,0.8800321587733603,0.55889,0.02134544213643744
primary,cifar10-vs-cifar100,5m,untrained ResNet-18 (64 ch),s0,resnet18-random-s0,224,0,C2ST,1000,,200,0.985,0.9568335194437211,0.9948858548155076,0.56971,0.017270376371115923
primary,cifar10-vs-cifar100,5m,untrained ResNet-18 (64 ch),s1,resnet18-random-s1,224,1,C2ST,100,,200,0.165,0.11996784122663977,0.22265898273863527,0.5348,0.04920325192505064
primary,cifar10-vs-cifar100,5m,untrained ResNet-18 (64 ch),s1,resnet18-random-s1,224,1,C2ST,250,,200,0.385,0.3203319691791383,0.4540026121820756,0.54704,0.03204556755621593
primary,cifar10-vs-cifar100,5m,untrained ResNet-18 (64 ch),s1,resnet18-random-s1,224,1,C2ST,500,,200,0.89,0.8390720169908702,0.9262280983928396,0.56729,0.02473289105624328
primary,cifar10-vs-cifar100,5m,untrained ResNet-18 (64 ch),s1,resnet18-random-s1,224,1,C2ST,1000,,200,1.0,0.9811539940816791,1.0,0.58289,0.017276802366178755
primary,cifar10-vs-cifar100,5m,untrained ResNet-18 (64 ch),s2,resnet18-random-s2,224,2,C2ST,100,,200,0.14,0.09866918625271481,0.19489993800847627,0.5299,0.053637580109471755
primary,cifar10-vs-cifar100,5m,untrained ResNet-18 (64 ch),s2,resnet18-random-s2,224,2,C2ST,250,,200,0.395,0.3298398699878317,0.4641177912550158,0.54496,0.031231368846081648
primary,cifar10-vs-cifar100,5m,untrained ResNet-18 (64 ch),s2,resnet18-random-s2,224,2,C2ST,500,,200,0.8,0.7391436038882958,0.8495487925607118,0.55718,0.02252748543446425
primary,cifar10-vs-cifar100,5m,untrained ResNet-18 (64 ch),s2,resnet18-random-s2,224,2,C2ST,1000,,200,0.985,0.9568335194437211,0.9948858548155076,0.56776,0.01736440036396302
primary,cifar10-vs-cifar100,6,ImageNet ResNet-18 (512),imagenet,resnet18-imagenet,224,-1,C2ST,100,,200,0.885,0.8333517476611362,0.9221368277817569,0.6513499999999999,0.05426488275118633
primary,cifar10-vs-cifar100,6,ImageNet ResNet-18 (512),imagenet,resnet18-imagenet,224,-1,C2ST,250,,200,0.995,0.9722256001302286,0.999116854010634,0.6766,0.032312845742831116
primary,cifar10-vs-cifar100,6,ImageNet ResNet-18 (512),imagenet,resnet18-imagenet,224,-1,C2ST,500,,200,1.0,0.9811539940816791,1.0,0.6885300000000001,0.022786379703673833
primary,cifar10-vs-cifar100,6,ImageNet ResNet-18 (512),imagenet,resnet18-imagenet,224,-1,C2ST,1000,,200,1.0,0.9811539940816791,1.0,0.69501,0.016930147666219544
primary,cifar10-vs-cifar100,6m,ImageNet ResNet-18 (64 ch),sub0,resnet18-imagenet,224,0,C2ST,100,,200,0.53,0.46091557335361155,0.5979536662912893,0.5902000000000001,0.05282953719274852
primary,cifar10-vs-cifar100,6m,ImageNet ResNet-18 (64 ch),sub0,resnet18-imagenet,224,0,C2ST,250,,200,0.985,0.9568335194437211,0.9948858548155076,0.62286,0.033481642731502906
primary,cifar10-vs-cifar100,6m,ImageNet ResNet-18 (64 ch),sub0,resnet18-imagenet,224,0,C2ST,500,,200,1.0,0.9811539940816791,1.0,0.64418,0.024405892731059853
primary,cifar10-vs-cifar100,6m,ImageNet ResNet-18 (64 ch),sub0,resnet18-imagenet,224,0,C2ST,1000,,200,1.0,0.9811539940816791,1.0,0.6645500000000001,0.015906838152191027
primary,cifar10-vs-cifar100,6m,ImageNet ResNet-18 (64 ch),sub1,resnet18-imagenet,224,1,C2ST,100,,200,0.485,0.4166726249238525,0.5538927552536972,0.58395,0.05548781397748518
primary,cifar10-vs-cifar100,6m,ImageNet ResNet-18 (64 ch),sub1,resnet18-imagenet,224,1,C2ST,250,,200,0.96,0.9230670617058012,0.9795946128493436,0.6250399999999999,0.03449577365417394
primary,cifar10-vs-cifar100,6m,ImageNet ResNet-18 (64 ch),sub1,resnet18-imagenet,224,1,C2ST,500,,200,1.0,0.9811539940816791,1.0,0.65203,0.024164831884372802
primary,cifar10-vs-cifar100,6m,ImageNet ResNet-18 (64 ch),sub1,resnet18-imagenet,224,1,C2ST,1000,,200,1.0,0.9811539940816791,1.0,0.6731149999999999,0.015530672071742403
primary,cifar10-vs-cifar100,6m,ImageNet ResNet-18 (64 ch),sub2,resnet18-imagenet,224,2,C2ST,100,,200,0.61,0.5409361758928832,0.6749177028050861,0.59805,0.05625564416127504
primary,cifar10-vs-cifar100,6m,ImageNet ResNet-18 (64 ch),sub2,resnet18-imagenet,224,2,C2ST,250,,200,0.995,0.9722256001302286,0.999116854010634,0.6381,0.029445373150972304
primary,cifar10-vs-cifar100,6m,ImageNet ResNet-18 (64 ch),sub2,resnet18-imagenet,224,2,C2ST,500,,200,1.0,0.9811539940816791,1.0,0.6633000000000001,0.021159158773448435
primary,cifar10-vs-cifar100,6m,ImageNet ResNet-18 (64 ch),sub2,resnet18-imagenet,224,2,C2ST,1000,,200,1.0,0.9811539940816791,1.0,0.6847399999999999,0.01545711486662369
primary,cifar10-vs-cifar100,ref,JPEG bytes (scalar KS),jpeg,jpeg_bytes,256,-1,KS,100,,200,0.03,0.013820125830748327,0.06389511973247333,0.12190000000000001,0.03348716171908273
primary,cifar10-vs-cifar100,ref,JPEG bytes (scalar KS),jpeg,jpeg_bytes,256,-1,KS,250,,200,0.1,0.06566994117157123,0.14940686356308552,0.08451999999999998,0.025988643673727954
primary,cifar10-vs-cifar100,ref,JPEG bytes (scalar KS),jpeg,jpeg_bytes,256,-1,KS,500,,200,0.125,0.0861191515921568,0.1780153528465839,0.06484000000000001,0.01680994943478415
primary,cifar10-vs-cifar100,ref,JPEG bytes (scalar KS),jpeg,jpeg_bytes,256,-1,KS,1000,,200,0.145,0.1028928513530641,0.20048781284894374,0.04999000000000001,0.01106796729304889
classdrop,cifar-k-of-10,1,colour moments,colour,colour-moments,32,-1,C2ST,2000,9.0,500,0.246,0.2102803738317757,0.2855929323819232,0.5107539999999999,0.012182835630509018
classdrop,cifar-k-of-10,1,colour moments,colour,colour-moments,32,-1,C2ST,2000,10.0,500,0.038,0.024459922123289107,0.0585852253992656,0.49898,0.011058643678137024
classdrop,cifar-k-of-10,2,random pixel projection,s0,random-pixels-s0-64d,32,-1,C2ST,2000,9.0,500,0.156,0.12683030337229503,0.19041543417696646,0.506792,0.012186826330099237
classdrop,cifar-k-of-10,2,random pixel projection,s0,random-pixels-s0-64d,32,-1,C2ST,2000,10.0,500,0.034,0.02133433944461342,0.053771805026188516,0.49990599999999996,0.010978623046630208
classdrop,cifar-k-of-10,2,random pixel projection,s1,random-pixels-s1-64d,32,-1,C2ST,2000,9.0,500,0.15,0.12137548023138253,0.1839617527402498,0.507133,0.0110279105455204
classdrop,cifar-k-of-10,2,random pixel projection,s1,random-pixels-s1-64d,32,-1,C2ST,2000,10.0,500,0.038,0.024459922123289107,0.0585852253992656,0.5006269999999999,0.010313310380280424
classdrop,cifar-k-of-10,2,random pixel projection,s2,random-pixels-s2-64d,32,-1,C2ST,2000,9.0,500,0.144,0.11593760751948218,0.177491120874521,0.5064919999999999,0.011218152075988273
classdrop,cifar-k-of-10,2,random pixel projection,s2,random-pixels-s2-64d,32,-1,C2ST,2000,10.0,500,0.034,0.02133433944461342,0.053771805026188516,0.5004069999999999,0.010895772161714836
classdrop,cifar-k-of-10,3,untrained AE (occupancy),s0,entropy-2-random-s0-64d,256,-1,C2ST,2000,9.0,500,0.166,0.13595723820567882,0.20113600697296466,0.507875,0.011477973470957319
classdrop,cifar-k-of-10,3,untrained AE (occupancy),s0,entropy-2-random-s0-64d,256,-1,C2ST,2000,10.0,500,0.044,0.029233737680341678,0.06571991441984218,0.499815,0.011525505411911446
classdrop,cifar-k-of-10,3,untrained AE (occupancy),s1,entropy-2-random-s1-64d,256,-1,C2ST,2000,9.0,500,0.182,0.15064591449727432,0.21820334288838023,0.50853,0.011349101286004986
classdrop,cifar-k-of-10,3,untrained AE (occupancy),s1,entropy-2-random-s1-64d,256,-1,C2ST,2000,10.0,500,0.032,0.01979134135128301,0.05134530159364255,0.498827,0.010941141211043752
classdrop,cifar-k-of-10,3,untrained AE (occupancy),s2,entropy-2-random-s2-64d,256,-1,C2ST,2000,9.0,500,0.206,0.17285607517585092,0.24362720052032025,0.508289,0.01234580815499739
classdrop,cifar-k-of-10,3,untrained AE (occupancy),s2,entropy-2-random-s2-64d,256,-1,C2ST,2000,10.0,500,0.05,0.03409350665098192,0.07276865002683111,0.49962,0.011022912500786713
classdrop,cifar-k-of-10,3q,untrained AE (activation),s0,entropy-2-random-s0-act64d,256,-1,C2ST,2000,9.0,500,0.252,0.21593322346148225,0.29184858732984587,0.510236,0.012025901379938224
classdrop,cifar-k-of-10,3q,untrained AE (activation),s0,entropy-2-random-s0-act64d,256,-1,C2ST,2000,10.0,500,0.052,0.03573001990962654,0.07510163829406287,0.5002300000000001,0.011127043632519826
classdrop,cifar-k-of-10,3q,untrained AE (activation),s1,entropy-2-random-s1-act64d,256,-1,C2ST,2000,9.0,500,0.264,0.22726719286500013,0.3043316270815863,0.510119,0.012497493308659945
classdrop,cifar-k-of-10,3q,untrained AE (activation),s1,entropy-2-random-s1-act64d,256,-1,C2ST,2000,10.0,500,0.052,0.03573001990962654,0.07510163829406287,0.500235,0.011591042878015765
classdrop,cifar-k-of-10,3q,untrained AE (activation),s2,entropy-2-random-s2-act64d,256,-1,C2ST,2000,9.0,500,0.26,0.22348508910670623,0.3001747277881274,0.510691,0.012581813025156591
classdrop,cifar-k-of-10,3q,untrained AE (activation),s2,entropy-2-random-s2-act64d,256,-1,C2ST,2000,10.0,500,0.052,0.03573001990962654,0.07510163829406287,0.500302,0.01138520074482659
classdrop,cifar-k-of-10,4,natural AE mse-2 (occupancy),mse,entropy-2-mse-64d,256,-1,C2ST,2000,9.0,500,0.156,0.12683030337229503,0.19041543417696646,0.506844,0.011806255291158158
classdrop,cifar-k-of-10,4,natural AE mse-2 (occupancy),mse,entropy-2-mse-64d,256,-1,C2ST,2000,10.0,500,0.056,0.03902536261505807,0.07974529864038413,0.49983500000000003,0.010868591215056345
classdrop,cifar-k-of-10,4q,natural AE mse-2 (activation),mse,entropy-2-mse-act64d,256,-1,C2ST,2000,9.0,500,0.228,0.19338117351570927,0.2667666189651022,0.5101119999999999,0.012269166882881662
classdrop,cifar-k-of-10,4q,natural AE mse-2 (activation),mse,entropy-2-mse-act64d,256,-1,C2ST,2000,10.0,500,0.038,0.024459922123289107,0.0585852253992656,0.500421,0.011046957001817286
classdrop,cifar-k-of-10,5,untrained ResNet-18 (512),s0,resnet18-random-s0,224,-1,C2ST,2000,9.0,500,0.13,0.10332021037816715,0.16232200733470134,0.505061,0.011904401664930496
classdrop,cifar-k-of-10,5,untrained ResNet-18 (512),s0,resnet18-random-s0,224,-1,C2ST,2000,10.0,500,0.036,0.022890872735181415,0.05618477326149691,0.49915599999999993,0.010573961603864465
classdrop,cifar-k-of-10,5,untrained ResNet-18 (512),s1,resnet18-random-s1,224,-1,C2ST,2000,9.0,500,0.15,0.12137548023138253,0.1839617527402498,0.505466,0.011960637273991716
classdrop,cifar-k-of-10,5,untrained ResNet-18 (512),s1,resnet18-random-s1,224,-1,C2ST,2000,10.0,500,0.03,0.018263049234083534,0.04890409218496562,0.499531,0.010480674548901897
classdrop,cifar-k-of-10,5,untrained ResNet-18 (512),s2,resnet18-random-s2,224,-1,C2ST,2000,9.0,500,0.118,0.09259259259259259,0.14923261596501758,0.5052709999999999,0.011750066340238254
classdrop,cifar-k-of-10,5,untrained ResNet-18 (512),s2,resnet18-random-s2,224,-1,C2ST,2000,10.0,500,0.042,0.027632099334746148,0.06335205123956134,0.501053,0.010794336061101674
classdrop,cifar-k-of-10,5m,untrained ResNet-18 (64 ch),s0,resnet18-random-s0,224,0,C2ST,2000,9.0,500,0.138,0.11051755348949738,0.17100267032687666,0.507217,0.01080622093981055
classdrop,cifar-k-of-10,5m,untrained ResNet-18 (64 ch),s0,resnet18-random-s0,224,0,C2ST,2000,10.0,500,0.05,0.03409350665098192,0.07276865002683111,0.5007940000000001,0.01097709269342297
classdrop,cifar-k-of-10,5m,untrained ResNet-18 (64 ch),s1,resnet18-random-s1,224,1,C2ST,2000,9.0,500,0.15,0.12137548023138253,0.1839617527402498,0.507124,0.01128847305883307
classdrop,cifar-k-of-10,5m,untrained ResNet-18 (64 ch),s1,resnet18-random-s1,224,1,C2ST,2000,10.0,500,0.036,0.022890872735181415,0.05618477326149691,0.49888699999999997,0.011084481539521816
classdrop,cifar-k-of-10,5m,untrained ResNet-18 (64 ch),s2,resnet18-random-s2,224,2,C2ST,2000,9.0,500,0.17,0.13961985448969885,0.2054123937406974,0.508103,0.011445081520024223
classdrop,cifar-k-of-10,5m,untrained ResNet-18 (64 ch),s2,resnet18-random-s2,224,2,C2ST,2000,10.0,500,0.05,0.03409350665098192,0.07276865002683111,0.500363,0.010824542992662554
classdrop,cifar-k-of-10,6,ImageNet ResNet-18 (512),imagenet,resnet18-imagenet,224,-1,C2ST,2000,9.0,500,0.424,0.38142335182762455,0.46773559018907274,0.51577,0.011773194129037375
classdrop,cifar-k-of-10,6,ImageNet ResNet-18 (512),imagenet,resnet18-imagenet,224,-1,C2ST,2000,10.0,500,0.046,0.030844883399787512,0.06807827022627275,0.500298,0.010723348171163704
classdrop,cifar-k-of-10,6m,ImageNet ResNet-18 (64 ch),sub0,resnet18-imagenet,224,0,C2ST,2000,9.0,500,0.554,0.5101821562121956,0.5969943849864668,0.520104,0.011899125346007589
classdrop,cifar-k-of-10,6m,ImageNet ResNet-18 (64 ch),sub0,resnet18-imagenet,224,0,C2ST,2000,10.0,500,0.06,0.042348086000950205,0.08436157830624476,0.500192,0.011297527871176063
classdrop,cifar-k-of-10,6m,ImageNet ResNet-18 (64 ch),sub1,resnet18-imagenet,224,1,C2ST,2000,9.0,500,0.496,0.4523723541138067,0.5396886428344405,0.5187520000000001,0.011635140566404868
classdrop,cifar-k-of-10,6m,ImageNet ResNet-18 (64 ch),sub1,resnet18-imagenet,224,1,C2ST,2000,10.0,500,0.04,0.026040593951356387,0.06097405509707471,0.499959,0.010501657916729147
classdrop,cifar-k-of-10,6m,ImageNet ResNet-18 (64 ch),sub2,resnet18-imagenet,224,2,C2ST,2000,9.0,500,0.542,0.4981733601090301,0.5851861719343742,0.520621,0.012233636376809642
classdrop,cifar-k-of-10,6m,ImageNet ResNet-18 (64 ch),sub2,resnet18-imagenet,224,2,C2ST,2000,10.0,500,0.042,0.027632099334746148,0.06335205123956134,0.500716,0.010986097760351487
classdrop,cifar-k-of-10,ref,JPEG bytes (scalar KS),jpeg,jpeg_bytes,256,-1,KS,2000,9.0,500,0.294,0.2557578175953935,0.3353835252393387,0.03659400000000001,0.01255420901530638
classdrop,cifar-k-of-10,ref,JPEG bytes (scalar KS),jpeg,jpeg_bytes,256,-1,KS,2000,10.0,500,0.04,0.026040593951356387,0.06097405509707471,0.027143,0.008425796757577292
