comparison,expected,n,repeat,scorer,n_target,n_test,KS,KS_p,CVM,CVM_p,KL
control-disjoint,accept,50,0,entropy-2-mse,50,50,0.14,0.7166468440414822,0.08020000000000138,0.7030315851581417,0.4176536816190135
control-disjoint,accept,50,1,entropy-2-mse,50,50,0.12,0.8692618870414056,0.09009999999999962,0.6467664840193854,0.4436550646065874
control-disjoint,accept,50,2,entropy-2-mse,50,50,0.18,0.3959398631708505,0.09759999999999991,0.6070324424617195,0.4472123271674164
control-disjoint,accept,50,3,entropy-2-mse,50,50,0.1,0.9667464356809096,0.05560000000000187,0.8556639115288444,0.22379126346198858
control-disjoint,accept,50,4,entropy-2-mse,50,50,0.14,0.7166468440414822,0.10440000000000182,0.5732120622769308,0.20404814666956544
control-disjoint,accept,50,5,entropy-2-mse,50,50,0.36,0.002834980581320342,0.9756999999999998,0.0027682214602336996,0.45503194507476036
control-disjoint,accept,50,6,entropy-2-mse,50,50,0.1,0.9667464356809096,0.041900000000001825,0.9352845955973556,0.2911156865738378
control-disjoint,accept,50,7,entropy-2-mse,50,50,0.1,0.9667464356809096,0.05560000000000187,0.8556639115288444,0.32053599089013535
control-disjoint,accept,50,8,entropy-2-mse,50,50,0.2,0.2719135601522248,0.2826000000000022,0.15253198455670314,0.46749983060856515
control-disjoint,accept,50,9,entropy-2-mse,50,50,0.22,0.17858668181221732,0.21170000000000044,0.24845320940186133,0.4878142448983933
control-disjoint,accept,100,0,entropy-2-mse,100,100,0.1,0.7020569828664881,0.08752499999999941,0.6552085523095701,0.19432653158669513
control-disjoint,accept,100,1,entropy-2-mse,100,100,0.1,0.7020569828664881,0.1178249999999963,0.5083467600650878,0.22271983701798861
control-disjoint,accept,100,2,entropy-2-mse,100,100,0.11,0.5830090612540064,0.0813749999999942,0.6899868225846897,0.2774528901088641
control-disjoint,accept,100,3,entropy-2-mse,100,100,0.21,0.024055802841094577,0.5064749999999947,0.038349453252117804,0.25094237694707167
control-disjoint,accept,100,4,entropy-2-mse,100,100,0.1,0.7020569828664881,0.07724999999999937,0.7141910191259591,0.1895670496654485
control-disjoint,accept,100,5,entropy-2-mse,100,100,0.2,0.03638428787491733,0.437224999999998,0.05777502457285799,0.26863793961077215
control-disjoint,accept,100,6,entropy-2-mse,100,100,0.11,0.5830090612540064,0.18479999999999563,0.30071170576651884,0.1871729520337509
control-disjoint,accept,100,7,entropy-2-mse,100,100,0.07,0.9684099261397212,0.040449999999999875,0.9367518165701451,0.15575261412818664
control-disjoint,accept,100,8,entropy-2-mse,100,100,0.13,0.36818778606286096,0.10619999999999408,0.5599247977277604,0.2919254551554884
control-disjoint,accept,100,9,entropy-2-mse,100,100,0.16,0.1548386665118475,0.2503499999999974,0.1887205049719024,0.2655524133407062
control-disjoint,accept,200,0,entropy-2-mse,200,200,0.1,0.2704743832803917,0.17973750000000166,0.3113506576348033,0.14156322429717955
control-disjoint,accept,200,1,entropy-2-mse,200,200,0.075,0.6284308022715471,0.07401249999999493,0.7303965033958328,0.15433056669290043
control-disjoint,accept,200,2,entropy-2-mse,200,200,0.075,0.6284308022715471,0.06579374999999743,0.7810039138308165,0.14143860619424373
control-disjoint,accept,200,3,entropy-2-mse,200,200,0.1,0.2704743832803917,0.20475624999998843,0.25913105984721774,0.11782249421698739
control-disjoint,accept,200,4,entropy-2-mse,200,200,0.05,0.9646522162314058,0.05844999999999345,0.8272274461892578,0.19264077732328294
control-disjoint,accept,200,5,entropy-2-mse,200,200,0.165,0.008539483949831865,0.4789249999999896,0.04508089621022582,0.17908332122454312
control-disjoint,accept,200,6,entropy-2-mse,200,200,0.045,0.9877895282790693,0.03341249999999718,0.9659805553919454,0.10674821450329593
control-disjoint,accept,200,7,entropy-2-mse,200,200,0.04,0.9973277498238406,0.025106249999993224,0.9905700761027286,0.07443182951468975
control-disjoint,accept,200,8,entropy-2-mse,200,200,0.05,0.9646522162314058,0.037700000000000955,0.9473897493621078,0.1632419145224102
control-disjoint,accept,200,9,entropy-2-mse,200,200,0.135,0.052139087188847716,0.5230874999999884,0.03481477674471534,0.178551658887732
control-disjoint,accept,500,0,entropy-2-mse,500,500,0.058,0.3699050405997647,0.19802199999998038,0.2716328496352467,0.08367036705516867
control-disjoint,accept,500,1,entropy-2-mse,500,500,0.068,0.19804212658711798,0.1914279999999735,0.2850322163593534,0.07573184794419512
control-disjoint,accept,500,2,entropy-2-mse,500,500,0.038,0.8636766933110154,0.0626489999999933,0.7986815350677707,0.07870252160089768
control-disjoint,accept,500,3,entropy-2-mse,500,500,0.062,0.2919248807417811,0.20878799999999842,0.2513362405593086,0.08737962112583868
control-disjoint,accept,500,4,entropy-2-mse,500,500,0.05,0.5600220048872044,0.08790599999997539,0.6485721523983916,0.08234193688456701
control-disjoint,accept,500,5,entropy-2-mse,500,500,0.064,0.25760726053364696,0.1902469999999994,0.2875149382164448,0.08481117117148271
control-disjoint,accept,500,6,entropy-2-mse,500,500,0.048,0.6126241113875229,0.08141699999998764,0.6849009296445727,0.06358455647182537
control-disjoint,accept,500,7,entropy-2-mse,500,500,0.046,0.6659218712646571,0.09726099999997473,0.5994832897696982,0.049886481157798625
control-disjoint,accept,500,8,entropy-2-mse,500,500,0.062,0.2919248807417811,0.2073479999999961,0.2539436536277754,0.08131372341704779
control-disjoint,accept,500,9,entropy-2-mse,500,500,0.056,0.41348608403425674,0.1935049999999876,0.2807279535735595,0.06749316445758144
control-disjoint,accept,1000,0,entropy-2-mse,1000,1000,0.039,0.43260886958153144,0.16778249999998707,0.33987696706176695,0.04217393847100583
control-disjoint,accept,1000,1,entropy-2-mse,1000,1000,0.036,0.5362766985932181,0.11880800000000136,0.5006856024614509,0.04816541521624048
control-disjoint,accept,1000,2,entropy-2-mse,1000,1000,0.036,0.5362766985932181,0.07961899999997968,0.6946715489173954,0.039028646842517827
control-disjoint,accept,1000,3,entropy-2-mse,1000,1000,0.048,0.19957365535779528,0.2616539999999645,0.17416411416615962,0.053826491893228044
control-disjoint,accept,1000,4,entropy-2-mse,1000,1000,0.045,0.26347172719864703,0.24850674999999,0.19037669601076768,0.03839444928773796
control-disjoint,accept,1000,5,entropy-2-mse,1000,1000,0.049,0.18116454248303263,0.14876499999996895,0.3936317548178758,0.052057372353235966
control-disjoint,accept,1000,6,entropy-2-mse,1000,1000,0.029,0.7946637387576738,0.04935774999995601,0.8808507884728092,0.05122360473800392
control-disjoint,accept,1000,7,entropy-2-mse,1000,1000,0.054,0.1082872208757189,0.41699124999996684,0.06519010171126538,0.04060640137918021
control-disjoint,accept,1000,8,entropy-2-mse,1000,1000,0.036,0.5362766985932181,0.07333399999998846,0.7319133531971984,0.0338476740083268
control-disjoint,accept,1000,9,entropy-2-mse,1000,1000,0.033,0.647814872077161,0.12554000000000087,0.47387677345228807,0.0310278100004052
control-disjoint,accept,2000,0,entropy-2-mse,2000,2000,0.025,0.5596752163759332,0.08882337500006088,0.6427495976124976,0.020792042575072882
control-disjoint,accept,2000,1,entropy-2-mse,2000,2000,0.0195,0.8416360266077476,0.05915006250006627,0.8196817412315571,0.020257879060745967
control-disjoint,accept,2000,2,entropy-2-mse,2000,2000,0.023,0.6655293215356356,0.05743225000003349,0.8304968676011256,0.020255871669294875
control-disjoint,accept,2000,3,entropy-2-mse,2000,2000,0.031,0.291764846534962,0.23227662500005408,0.21282160557345564,0.02555032311321378
control-disjoint,accept,2000,4,entropy-2-mse,2000,2000,0.02,0.8187536311788122,0.09636299999999665,0.6032560190716074,0.022779202802054137
control-disjoint,accept,2000,5,entropy-2-mse,2000,2000,0.038,0.11135887905231429,0.24675068750002538,0.19263034174710314,0.025238902327312605
control-disjoint,accept,2000,6,entropy-2-mse,2000,2000,0.021,0.770029236885313,0.041639750000058484,0.924822766858099,0.025678166018234305
control-disjoint,accept,2000,7,entropy-2-mse,2000,2000,0.056,0.0037704349657562016,1.3905343124999945,0.0003069684809245965,0.024247458085239152
control-disjoint,accept,2000,8,entropy-2-mse,2000,2000,0.023,0.6655293215356356,0.08685087500009558,0.6535018650177855,0.025673823653319713
control-disjoint,accept,2000,9,entropy-2-mse,2000,2000,0.015,0.9780895655250116,0.03488962500000525,0.9577361633169504,0.023291764397097528
control-disjoint,accept,4000,0,entropy-2-mse,4000,4000,0.024,0.19953217025192727,0.24774587500019152,0.19130555854279852,0.008760065419236754
control-disjoint,accept,4000,1,entropy-2-mse,4000,4000,0.02125,0.3271132241358086,0.27284614062500623,0.16156197289666574,0.014277684658630758
control-disjoint,accept,4000,2,entropy-2-mse,4000,4000,0.01475,0.776999830456084,0.09556635937497049,0.6071790232941733,0.00860401649227914
control-disjoint,accept,4000,3,entropy-2-mse,4000,4000,0.033,0.025652836800253945,0.5498380937501679,0.029829808540034253,0.0131341524471177
control-disjoint,accept,4000,4,entropy-2-mse,4000,4000,0.019,0.4658145388594836,0.07111585937514064,0.744897280263447,0.013761583911898238
control-disjoint,accept,4000,5,entropy-2-mse,4000,4000,0.02075,0.35532495055400326,0.19983332812512344,0.26782992300850506,0.009269526213321291
control-disjoint,accept,4000,6,entropy-2-mse,4000,4000,0.0085,0.998711854027964,0.021543968750165732,0.9953498111705451,0.014200494124705877
control-disjoint,accept,4000,7,entropy-2-mse,4000,4000,0.03025,0.05144610855237875,0.6559454375001224,0.016306219841051073,0.01502312628565135
control-disjoint,accept,4000,8,entropy-2-mse,4000,4000,0.015,0.7591657583125982,0.08033795312508119,0.6900540687762706,0.013549348542694545
control-disjoint,accept,4000,9,entropy-2-mse,4000,4000,0.01675,0.6287745329155909,0.09815496875012286,0.5941202993081338,0.011952455177766382
cifar10-vs-cifar100,reject,50,0,entropy-2-mse,50,50,0.12,0.8692618870414056,0.0884999999999998,0.6555717141860193,0.2800908125502233
cifar10-vs-cifar100,reject,50,1,entropy-2-mse,50,50,0.08,0.9977109764909107,0.029700000000001836,0.9841161831982337,0.2634841708864563
cifar10-vs-cifar100,reject,50,2,entropy-2-mse,50,50,0.1,0.9667464356809096,0.040800000000000836,0.9408337732568559,0.35390369345334544
cifar10-vs-cifar100,reject,50,3,entropy-2-mse,50,50,0.14,0.7166468440414822,0.12480000000000047,0.48377308407054675,0.2905735881842257
cifar10-vs-cifar100,reject,50,4,entropy-2-mse,50,50,0.1,0.9667464356809096,0.06150000000000233,0.8184889933830386,0.25931686149121363
cifar10-vs-cifar100,reject,50,5,entropy-2-mse,50,50,0.4,0.0005822568814776493,1.3336000000000006,0.00040546843230993,0.326864075596003
cifar10-vs-cifar100,reject,50,6,entropy-2-mse,50,50,0.14,0.7166468440414822,0.06320000000000192,0.8077248556508472,0.41082925791296376
cifar10-vs-cifar100,reject,50,7,entropy-2-mse,50,50,0.12,0.8692618870414056,0.07039999999999935,0.762470536383262,0.39158911339928765
cifar10-vs-cifar100,reject,50,8,entropy-2-mse,50,50,0.12,0.8692618870414056,0.04749999999999943,0.9046340210292064,0.2815603243768036
cifar10-vs-cifar100,reject,50,9,entropy-2-mse,50,50,0.14,0.7166468440414822,0.06970000000000098,0.7668281237474123,0.28417804016773435
cifar10-vs-cifar100,reject,100,0,entropy-2-mse,100,100,0.06,0.9942356257694902,0.028624999999998124,0.9838004380518872,0.19264906879777283
cifar10-vs-cifar100,reject,100,1,entropy-2-mse,100,100,0.13,0.36818778606286096,0.13342499999999546,0.44757697537034946,0.31665038821941655
cifar10-vs-cifar100,reject,100,2,entropy-2-mse,100,100,0.11,0.5830090612540064,0.16044999999999732,0.36160856066259306,0.1777936638064825
cifar10-vs-cifar100,reject,100,3,entropy-2-mse,100,100,0.08,0.9084105017744525,0.08684999999999832,0.6589457221849104,0.2254689013952965
cifar10-vs-cifar100,reject,100,4,entropy-2-mse,100,100,0.09,0.8154147124661313,0.11862499999999443,0.5050031993320798,0.21333561357806297
cifar10-vs-cifar100,reject,100,5,entropy-2-mse,100,100,0.16,0.1548386665118475,0.21982500000000016,0.23329321560638516,0.3152469313884871
cifar10-vs-cifar100,reject,100,6,entropy-2-mse,100,100,0.12,0.469506448503778,0.1558250000000001,0.37480391750748077,0.3416025042048879
cifar10-vs-cifar100,reject,100,7,entropy-2-mse,100,100,0.06,0.9942356257694902,0.03819999999999624,0.9477740768032794,0.35756457768267536
cifar10-vs-cifar100,reject,100,8,entropy-2-mse,100,100,0.16,0.1548386665118475,0.3908749999999941,0.07650447025617191,0.20401145035597887
cifar10-vs-cifar100,reject,100,9,entropy-2-mse,100,100,0.14,0.2819416298082479,0.19844999999999402,0.2719801140546243,0.2939825387983733
cifar10-vs-cifar100,reject,200,0,entropy-2-mse,200,200,0.06,0.8655265369450457,0.10284999999998945,0.5734628109589543,0.15608070091004542
cifar10-vs-cifar100,reject,200,1,entropy-2-mse,200,200,0.05,0.9646522162314058,0.038112499999996885,0.9454262797301608,0.1631151958759324
cifar10-vs-cifar100,reject,200,2,entropy-2-mse,200,200,0.095,0.32811544409418575,0.29753749999999,0.13757569756611177,0.14853293722424551
cifar10-vs-cifar100,reject,200,3,entropy-2-mse,200,200,0.06,0.8655265369450457,0.0630812499999962,0.7980303208918949,0.16728262149501705
cifar10-vs-cifar100,reject,200,4,entropy-2-mse,200,200,0.075,0.6284308022715471,0.08453124999999773,0.6689923181784128,0.21016865852561048
cifar10-vs-cifar100,reject,200,5,entropy-2-mse,200,200,0.075,0.6284308022715471,0.13123124999999902,0.4538795941848407,0.16146833733218785
cifar10-vs-cifar100,reject,200,6,entropy-2-mse,200,200,0.065,0.7933622419382523,0.054924999999997226,0.8493579779558309,0.23127849589781888
cifar10-vs-cifar100,reject,200,7,entropy-2-mse,200,200,0.075,0.6284308022715471,0.09055624999999168,0.6359122497123122,0.11929563082959005
cifar10-vs-cifar100,reject,200,8,entropy-2-mse,200,200,0.13,0.06801920461119272,0.32011249999999336,0.11893218127946403,0.1857808185347363
cifar10-vs-cifar100,reject,200,9,entropy-2-mse,200,200,0.095,0.32811544409418575,0.15466874999999902,0.3769212263877778,0.1441592007247412
cifar10-vs-cifar100,reject,500,0,entropy-2-mse,500,500,0.074,0.12939616996710074,0.28627999999997655,0.1479339939941392,0.082444569866651
cifar10-vs-cifar100,reject,500,1,entropy-2-mse,500,500,0.076,0.11136835555551457,0.30134099999997943,0.1340873666589696,0.08851119131978459
cifar10-vs-cifar100,reject,500,2,entropy-2-mse,500,500,0.048,0.6126241113875229,0.1258619999999837,0.4729973862773932,0.07231793102001685
cifar10-vs-cifar100,reject,500,3,entropy-2-mse,500,500,0.078,0.09546453231155308,0.3352349999999831,0.10794427500701664,0.08988782181763798
cifar10-vs-cifar100,reject,500,4,entropy-2-mse,500,500,0.036,0.9026912216773312,0.07397499999999013,0.7286911290409801,0.062633197095836
cifar10-vs-cifar100,reject,500,5,entropy-2-mse,500,500,0.092,0.028995961061089214,0.6946509999999932,0.013116996731818986,0.10667388404323865
cifar10-vs-cifar100,reject,500,6,entropy-2-mse,500,500,0.082,0.06930076569272504,0.5729159999999922,0.026120691398660467,0.08451986261839946
cifar10-vs-cifar100,reject,500,7,entropy-2-mse,500,500,0.038,0.8636766933110154,0.08152499999999918,0.6842815736458574,0.04569375613079021
cifar10-vs-cifar100,reject,500,8,entropy-2-mse,500,500,0.09,0.03479508043637821,0.5181059999999889,0.0358414867634923,0.06866782178794073
cifar10-vs-cifar100,reject,500,9,entropy-2-mse,500,500,0.054,0.4599232291065006,0.13020499999998947,0.45663359507763646,0.06325978259440179
cifar10-vs-cifar100,reject,1000,0,entropy-2-mse,1000,1000,0.063,0.03776014017220749,0.528846749999957,0.03367578680718175,0.04557683154408153
cifar10-vs-cifar100,reject,1000,1,entropy-2-mse,1000,1000,0.047,0.21939649929677082,0.39354974999997694,0.07515466351805877,0.04370225992546198
cifar10-vs-cifar100,reject,1000,2,entropy-2-mse,1000,1000,0.043,0.3136800387320582,0.24993124999997463,0.18853809390743148,0.03268014929770379
cifar10-vs-cifar100,reject,1000,3,entropy-2-mse,1000,1000,0.048,0.19957365535779528,0.22931624999995392,0.21730194066857478,0.0602597635836809
cifar10-vs-cifar100,reject,1000,4,entropy-2-mse,1000,1000,0.031,0.7228251828701066,0.09217099999995071,0.6251669673480962,0.0318903228715456
cifar10-vs-cifar100,reject,1000,5,entropy-2-mse,1000,1000,0.074,0.008353146175741297,0.7723379999999906,0.008518707628986766,0.04556407185861466
cifar10-vs-cifar100,reject,1000,6,entropy-2-mse,1000,1000,0.082,0.002393409648884169,0.9209134999999833,0.0037737915031091918,0.05448561290341134
cifar10-vs-cifar100,reject,1000,7,entropy-2-mse,1000,1000,0.019,0.9937026761524456,0.027544750000004115,0.9838354334634819,0.015515957168060973
cifar10-vs-cifar100,reject,1000,8,entropy-2-mse,1000,1000,0.06,0.05462666510701526,0.562545249999971,0.02772503661555137,0.05591565517399671
cifar10-vs-cifar100,reject,1000,9,entropy-2-mse,1000,1000,0.049,0.18116454248303263,0.2007492500000012,0.26616778815818865,0.035926831157608106
cifar10-vs-cifar100,reject,2000,0,entropy-2-mse,2000,2000,0.0545,0.0052537664278492,0.812448687500023,0.0068297822221123905,0.020105644866127682
cifar10-vs-cifar100,reject,2000,1,entropy-2-mse,2000,2000,0.039,0.0954673206906231,0.47398181250002835,0.046407320230378524,0.03238439159256104
cifar10-vs-cifar100,reject,2000,2,entropy-2-mse,2000,2000,0.0475,0.021929482356286622,0.7397336875000065,0.01020726993843879,0.017083451590036904
cifar10-vs-cifar100,reject,2000,3,entropy-2-mse,2000,2000,0.0455,0.031817125980592255,0.4617660625000326,0.049881676952355014,0.028565951972793033
cifar10-vs-cifar100,reject,2000,4,entropy-2-mse,2000,2000,0.039,0.0954673206906231,0.5964498125000546,0.022837911233003716,0.02024446621342082
cifar10-vs-cifar100,reject,2000,5,entropy-2-mse,2000,2000,0.0615,0.0010340893174460098,1.1214248750000024,0.0012809419839400205,0.02911163065188481
cifar10-vs-cifar100,reject,2000,6,entropy-2-mse,2000,2000,0.0695,0.0001268222044414911,1.3566464374999896,0.000367074503105691,0.028372208318364324
cifar10-vs-cifar100,reject,2000,7,entropy-2-mse,2000,2000,0.031,0.291764846534962,0.20741193750006914,0.2536275635885866,0.016432827861964587
cifar10-vs-cifar100,reject,2000,8,entropy-2-mse,2000,2000,0.0625,0.0008067550852965074,1.3537917500000276,0.00037265052764601236,0.024323593435264638
cifar10-vs-cifar100,reject,2000,9,entropy-2-mse,2000,2000,0.059,0.001890045587432395,0.8755032500000652,0.004834441772175513,0.02236537375833298
cifar10-vs-cifar100,reject,4000,0,entropy-2-mse,4000,4000,0.03725,0.0077683853794275485,0.9021794218751893,0.004180506830955499,0.013429456145699124
cifar10-vs-cifar100,reject,4000,1,entropy-2-mse,4000,4000,0.02875,0.0733000497250074,0.42739095312504105,0.061228780392023174,0.016695504195591918
cifar10-vs-cifar100,reject,4000,2,entropy-2-mse,4000,4000,0.05075,6.690476317150927e-05,1.9866357968751345,1.368909271393104e-05,0.013469252540553377
cifar10-vs-cifar100,reject,4000,3,entropy-2-mse,4000,4000,0.033,0.025652836800253945,0.4965031406250091,0.04065631524307067,0.02073895889118816
cifar10-vs-cifar100,reject,4000,4,entropy-2-mse,4000,4000,0.032,0.0332718194654303,0.8587544687500213,0.005298537680827997,0.016039318450634967
cifar10-vs-cifar100,reject,4000,5,entropy-2-mse,4000,4000,0.03775,0.006685966394095875,1.137209390625003,0.0011775164520887449,0.015755370456747752
cifar10-vs-cifar100,reject,4000,6,entropy-2-mse,4000,4000,0.04975,0.00010003885850567805,2.0793127812501098,8.478278487489277e-06,0.019450953310571655
cifar10-vs-cifar100,reject,4000,7,entropy-2-mse,4000,4000,0.0335,0.02245745081753357,0.7371855156250149,0.010353621418517478,0.01447476200913288
cifar10-vs-cifar100,reject,4000,8,entropy-2-mse,4000,4000,0.0465,0.00034989053956004264,1.0794605625001168,0.0016041796267548536,0.01640665454800615
cifar10-vs-cifar100,reject,4000,9,entropy-2-mse,4000,4000,0.0575,3.589512083112857e-06,2.66332081250016,4.218206204331665e-07,0.019345221661834885
cifar-vs-imagenet64,reject,50,0,entropy-2-mse,50,50,0.32,0.011511738725894704,0.5878000000000014,0.02392754298440769,0.4344751740274576
cifar-vs-imagenet64,reject,50,1,entropy-2-mse,50,50,0.18,0.3959398631708505,0.19920000000000115,0.2719863287431027,0.23887622825948607
cifar-vs-imagenet64,reject,50,2,entropy-2-mse,50,50,0.22,0.17858668181221732,0.32339999999999947,0.11694449132306062,0.5032861905516866
cifar-vs-imagenet64,reject,50,3,entropy-2-mse,50,50,0.2,0.2719135601522248,0.3033000000000001,0.1331481493630694,0.25628822224119774
cifar-vs-imagenet64,reject,50,4,entropy-2-mse,50,50,0.1,0.9667464356809096,0.024100000000000676,0.9951237241473577,0.2737480612316884
cifar-vs-imagenet64,reject,50,5,entropy-2-mse,50,50,0.32,0.011511738725894704,0.9113000000000007,0.003932299412950813,0.3999203331753712
cifar-vs-imagenet64,reject,50,6,entropy-2-mse,50,50,0.16,0.5486851446031328,0.09360000000000213,0.6279063184870199,0.3435743426042483
cifar-vs-imagenet64,reject,50,7,entropy-2-mse,50,50,0.28,0.039194586195352224,0.5898000000000003,0.02365460672629316,0.41509957267694036
cifar-vs-imagenet64,reject,50,8,entropy-2-mse,50,50,0.26,0.06779471096995852,0.4754000000000005,0.046044110128883875,0.4160189656400546
cifar-vs-imagenet64,reject,50,9,entropy-2-mse,50,50,0.16,0.5486851446031328,0.09530000000000172,0.6189459861408048,0.3562211396328126
cifar-vs-imagenet64,reject,100,0,entropy-2-mse,100,100,0.23,0.009878183186176536,0.6329499999999939,0.01852972208118142,0.2718491946849608
cifar-vs-imagenet64,reject,100,1,entropy-2-mse,100,100,0.15,0.21117008625127576,0.18624999999999403,0.2974922197610089,0.25621830348446983
cifar-vs-imagenet64,reject,100,2,entropy-2-mse,100,100,0.17,0.11119526053829192,0.4095999999999975,0.06825006584335647,0.42978531399087533
cifar-vs-imagenet64,reject,100,3,entropy-2-mse,100,100,0.23,0.009878183186176536,0.7564499999999938,0.009271123385503732,0.32377116134678485
cifar-vs-imagenet64,reject,100,4,entropy-2-mse,100,100,0.07,0.9684099261397212,0.050749999999993634,0.8785803804556366,0.1574163665251304
cifar-vs-imagenet64,reject,100,5,entropy-2-mse,100,100,0.21,0.024055802841094577,0.6778249999999986,0.014383675798154916,0.22606731772353447
cifar-vs-imagenet64,reject,100,6,entropy-2-mse,100,100,0.15,0.21117008625127576,0.23742499999999467,0.20625426760388377,0.330768794134689
cifar-vs-imagenet64,reject,100,7,entropy-2-mse,100,100,0.2,0.03638428787491733,0.8221499999999935,0.006447245309339489,0.39071376573470246
cifar-vs-imagenet64,reject,100,8,entropy-2-mse,100,100,0.19,0.05390207893129876,0.6634499999999974,0.015595805617273362,0.3308556531884455
cifar-vs-imagenet64,reject,100,9,entropy-2-mse,100,100,0.14,0.2819416298082479,0.19709999999999894,0.27467053548091336,0.3185480704410111
cifar-vs-imagenet64,reject,200,0,entropy-2-mse,200,200,0.185,0.0020827633834865906,0.87205625,0.004914922609880246,0.18036723734493312
cifar-vs-imagenet64,reject,200,1,entropy-2-mse,200,200,0.13,0.06801920461119272,0.5489562499999892,0.029971272539416782,0.14105094330071763
cifar-vs-imagenet64,reject,200,2,entropy-2-mse,200,200,0.155,0.016258459276759563,0.6267812499999934,0.01920784576521739,0.16218893130945014
cifar-vs-imagenet64,reject,200,3,entropy-2-mse,200,200,0.17,0.006094418258803505,0.9757499999999908,0.0027957742808311092,0.17294075387651328
cifar-vs-imagenet64,reject,200,4,entropy-2-mse,200,200,0.1,0.2704743832803917,0.3756750000000011,0.08392372261586556,0.0958273233717235
cifar-vs-imagenet64,reject,200,5,entropy-2-mse,200,200,0.195,0.0009668691315127085,1.055099999999996,0.0018218259463170794,0.1691140754718214
cifar-vs-imagenet64,reject,200,6,entropy-2-mse,200,200,0.17,0.006094418258803505,1.1248312499999997,0.0012530417285365747,0.2195205148951701
cifar-vs-imagenet64,reject,200,7,entropy-2-mse,200,200,0.14,0.03956202584899502,0.7459750000000014,0.009844331068196044,0.15417888104434924
cifar-vs-imagenet64,reject,200,8,entropy-2-mse,200,200,0.13,0.06801920461119272,0.48559999999999093,0.04334377146451329,0.1623475876975732
cifar-vs-imagenet64,reject,200,9,entropy-2-mse,200,200,0.175,0.004304993380033157,0.8238187500000009,0.006403042079118237,0.20946086485781915
cifar-vs-imagenet64,reject,500,0,entropy-2-mse,500,500,0.146,4.575187652931717e-05,2.2118969999999933,4.262318641368168e-06,0.09786083782140777
cifar-vs-imagenet64,reject,500,1,entropy-2-mse,500,500,0.126,0.0007045191903924169,1.3501559999999984,0.00037923406680351324,0.09686669656954021
cifar-vs-imagenet64,reject,500,2,entropy-2-mse,500,500,0.154,1.3671719473054452e-05,2.055263999999994,9.565930328192529e-06,0.10344515193941381
cifar-vs-imagenet64,reject,500,3,entropy-2-mse,500,500,0.138,0.0001434246303518553,1.6001699999999914,0.0001018867813604718,0.09447168276380537
cifar-vs-imagenet64,reject,500,4,entropy-2-mse,500,500,0.096,0.019894110072361745,0.8988789999999938,0.004252267396833043,0.0738824612815565
cifar-vs-imagenet64,reject,500,5,entropy-2-mse,500,500,0.114,0.00299005061044668,1.3950659999999857,0.0002991890225947369,0.09833440216235932
cifar-vs-imagenet64,reject,500,6,entropy-2-mse,500,500,0.128,0.0005458774578140435,1.9293579999999793,1.8355641681178092e-05,0.10257905434914807
cifar-vs-imagenet64,reject,500,7,entropy-2-mse,500,500,0.128,0.0005458774578140435,1.7822499999999764,3.940550927672426e-05,0.15170893859943624
cifar-vs-imagenet64,reject,500,8,entropy-2-mse,500,500,0.08,0.08150167321107067,0.4703099999999836,0.0474268483578929,0.06672266161327371
cifar-vs-imagenet64,reject,500,9,entropy-2-mse,500,500,0.118,0.0018769751767371433,1.3833679999999902,0.00031823266729313904,0.08292662352591536
cifar-vs-imagenet64,reject,1000,0,entropy-2-mse,1000,1000,0.106,2.597590093504764e-05,2.699064999999962,3.506029165878388e-07,0.07090653855754225
cifar-vs-imagenet64,reject,1000,1,entropy-2-mse,1000,1000,0.1,8.974277567313009e-05,2.0064664999999877,1.2336226297926522e-05,0.07638775576193346
cifar-vs-imagenet64,reject,1000,2,entropy-2-mse,1000,1000,0.114,4.441088228134397e-06,2.2730039999999576,3.118564893545006e-06,0.05942013193309721
cifar-vs-imagenet64,reject,1000,3,entropy-2-mse,1000,1000,0.134,3.042740004182204e-08,3.536593249999953,4.946818177309353e-09,0.06661484077730834
cifar-vs-imagenet64,reject,1000,4,entropy-2-mse,1000,1000,0.125,3.1682132882618906e-07,3.248540749999961,2.128804110768101e-08,0.05751486245416352
cifar-vs-imagenet64,reject,1000,5,entropy-2-mse,1000,1000,0.124,4.0687670654048253e-07,3.216064499999959,2.511006136352023e-08,0.07522102877369001
cifar-vs-imagenet64,reject,1000,6,entropy-2-mse,1000,1000,0.118,1.7492235820299696e-06,2.876825999999994,1.4138755966008887e-07,0.06237642041020839
cifar-vs-imagenet64,reject,1000,7,entropy-2-mse,1000,1000,0.137,1.3433151993983066e-08,4.370490749999988,7.472977792133406e-11,0.09659716640716366
cifar-vs-imagenet64,reject,1000,8,entropy-2-mse,1000,1000,0.098,0.00013349301651925088,1.9883559999999534,1.3548165085697228e-05,0.06119079031267789
cifar-vs-imagenet64,reject,1000,9,entropy-2-mse,1000,1000,0.12,1.0845303448772275e-06,3.5769342499999652,4.039981571501983e-09,0.06400918876452981
cifar-vs-imagenet64,reject,2000,0,entropy-2-mse,2000,2000,0.114,9.797374126160623e-12,5.0025850625000885,4.9211079655719914e-11,0.04928860395025356
cifar-vs-imagenet64,reject,2000,1,entropy-2-mse,2000,2000,0.1015,2.1848880805291417e-09,4.4238698125000155,5.848210804515475e-11,0.04358806928860512
cifar-vs-imagenet64,reject,2000,2,entropy-2-mse,2000,2000,0.102,1.781417368743588e-09,4.29117156250004,1.0990042209613193e-10,0.048101923166489736
cifar-vs-imagenet64,reject,2000,3,entropy-2-mse,2000,2000,0.118,1.519208490991737e-12,6.275137187500036,2.06478167896762e-11,0.049619490554790695
cifar-vs-imagenet64,reject,2000,4,entropy-2-mse,2000,2000,0.1025,1.4509866640650722e-09,4.837138812500029,2.9433122605837525e-11,0.04190640048663506
cifar-vs-imagenet64,reject,2000,5,entropy-2-mse,2000,2000,0.1105,4.745912961197293e-11,5.576747875000024,4.0240821785886283e-10,0.051378629681999854
cifar-vs-imagenet64,reject,2000,6,entropy-2-mse,2000,2000,0.124,8.213581360358148e-14,7.16411375000007,3.052240682421825e-10,0.05401641247558217
cifar-vs-imagenet64,reject,2000,7,entropy-2-mse,2000,2000,0.1255,3.871180232832529e-14,7.894537687500019,1.877442645792371e-11,0.07452189005103944
cifar-vs-imagenet64,reject,2000,8,entropy-2-mse,2000,2000,0.097,1.3111865868694852e-08,4.148196625000082,2.239544105719915e-10,0.035519635505774826
cifar-vs-imagenet64,reject,2000,9,entropy-2-mse,2000,2000,0.115,6.185531739424822e-12,7.077651625000044,2.419345834780984e-10,0.05244777222768344
cifar-vs-imagenet64,reject,4000,0,entropy-2-mse,4000,4000,0.119,4.421383572564328e-25,11.743199500000173,7.550570169101434e-10,0.044844949932260764
cifar-vs-imagenet64,reject,4000,1,entropy-2-mse,4000,4000,0.121,6.423634881183569e-26,12.971972499999993,4.14861578423853e-09,0.05102623886923127
cifar-vs-imagenet64,reject,4000,2,entropy-2-mse,4000,4000,0.10125,2.910220193249719e-18,10.786009718750165,1.5341972137150606e-10,0.041551300967118864
cifar-vs-imagenet64,reject,4000,3,entropy-2-mse,4000,4000,0.11925,3.4802224055654886e-25,13.517306875000031,3.008489013467397e-10,0.04622143752492313
cifar-vs-imagenet64,reject,4000,4,entropy-2-mse,4000,4000,0.10775,1.2462701848899876e-20,10.115079296875138,2.2082590200867003e-09,0.04116764369044583
cifar-vs-imagenet64,reject,4000,5,entropy-2-mse,4000,4000,0.118,1.1459369503553599e-24,13.29240784374997,2.188307313133464e-10,0.042880980693471474
cifar-vs-imagenet64,reject,4000,6,entropy-2-mse,4000,4000,0.113,1.1867126953716904e-22,12.192758765625058,1.46494361086269e-09,0.04106270051702342
cifar-vs-imagenet64,reject,4000,7,entropy-2-mse,4000,4000,0.12475,1.581004959901444e-27,15.120286562500041,2.2162915946921657e-09,0.05305739353210083
cifar-vs-imagenet64,reject,4000,8,entropy-2-mse,4000,4000,0.11225,2.339016711252535e-22,11.193977531250084,3.1277191947509664e-10,0.04262068500640047
cifar-vs-imagenet64,reject,4000,9,entropy-2-mse,4000,4000,0.1015,2.374544165849464e-18,10.035434765625041,1.9298526110489433e-09,0.032742753225438424
cifar-vs-dtd,reject,50,0,entropy-2-mse,50,50,0.14,0.7166468440414822,0.170300000000001,0.3374484658997349,0.29257493007026486
cifar-vs-dtd,reject,50,1,entropy-2-mse,50,50,0.12,0.8692618870414056,0.10219999999999985,0.5839258384712269,0.24658639972379676
cifar-vs-dtd,reject,50,2,entropy-2-mse,50,50,0.16,0.5486851446031328,0.17980000000000018,0.3140246120940805,0.344018894664322
cifar-vs-dtd,reject,50,3,entropy-2-mse,50,50,0.22,0.17858668181221732,0.20940000000000225,0.2525954447318234,0.2771949379460495
cifar-vs-dtd,reject,50,4,entropy-2-mse,50,50,0.18,0.3959398631708505,0.13620000000000232,0.44092903376229786,0.5828200436922906
cifar-vs-dtd,reject,50,5,entropy-2-mse,50,50,0.22,0.17858668181221732,0.42020000000000124,0.06407676988356714,0.2038525277703188
cifar-vs-dtd,reject,50,6,entropy-2-mse,50,50,0.12,0.8692618870414056,0.060000000000002274,0.8279827998553297,0.28269374372732226
cifar-vs-dtd,reject,50,7,entropy-2-mse,50,50,0.2,0.2719135601522248,0.14150000000000063,0.42256096554335054,0.45024790851780394
cifar-vs-dtd,reject,50,8,entropy-2-mse,50,50,0.14,0.7166468440414822,0.12819999999999965,0.47049703491478656,0.24773612231590464
cifar-vs-dtd,reject,50,9,entropy-2-mse,50,50,0.12,0.8692618870414056,0.10699999999999932,0.5608283253009357,0.2973669711849993
cifar-vs-dtd,reject,100,0,entropy-2-mse,100,100,0.08,0.9084105017744525,0.05822500000000019,0.8321455186810955,0.20925581114076644
cifar-vs-dtd,reject,100,1,entropy-2-mse,100,100,0.08,0.9084105017744525,0.06589999999999918,0.7837577212027981,0.15687632925673112
cifar-vs-dtd,reject,100,2,entropy-2-mse,100,100,0.09,0.8154147124661313,0.1388249999999971,0.42858215082036755,0.2689457985717093
cifar-vs-dtd,reject,100,3,entropy-2-mse,100,100,0.19,0.05390207893129876,0.4086249999999936,0.06865523930744455,0.2322615365909336
cifar-vs-dtd,reject,100,4,entropy-2-mse,100,100,0.16,0.1548386665118475,0.19579999999999842,0.27729145188055004,0.3674309171037844
cifar-vs-dtd,reject,100,5,entropy-2-mse,100,100,0.14,0.2819416298082479,0.23517499999999814,0.20949740130983519,0.32314879201312885
cifar-vs-dtd,reject,100,6,entropy-2-mse,100,100,0.09,0.8154147124661313,0.08507499999999624,0.6688683903318055,0.2277221760454013
cifar-vs-dtd,reject,100,7,entropy-2-mse,100,100,0.14,0.2819416298082479,0.26267499999999444,0.17359335668038134,0.2678673813941723
cifar-vs-dtd,reject,100,8,entropy-2-mse,100,100,0.07,0.9684099261397212,0.05667499999999848,0.8418971152954348,0.18699757624993552
cifar-vs-dtd,reject,100,9,entropy-2-mse,100,100,0.06,0.9942356257694902,0.03117499999999751,0.9761811378353038,0.21801661158961835
cifar-vs-dtd,reject,200,0,entropy-2-mse,200,200,0.065,0.7933622419382523,0.055693749999988995,0.8445501675457341,0.15978536590937686
cifar-vs-dtd,reject,200,1,entropy-2-mse,200,200,0.13,0.06801920461119272,0.7193749999999994,0.011415053149637866,0.12133908395248025
cifar-vs-dtd,reject,200,2,entropy-2-mse,200,200,0.12,0.11228360286766195,0.433443749999995,0.05907326781006439,0.12829738306245692
cifar-vs-dtd,reject,200,3,entropy-2-mse,200,200,0.09,0.39352743357720954,0.15879375000000095,0.3650594874971089,0.1832099502966711
cifar-vs-dtd,reject,200,4,entropy-2-mse,200,200,0.12,0.11228360286766195,0.34066249999999343,0.10438915952774297,0.20027049951401474
cifar-vs-dtd,reject,200,5,entropy-2-mse,200,200,0.105,0.220541217580421,0.17976249999999538,0.3112924823074793,0.14544647456120052
cifar-vs-dtd,reject,200,6,entropy-2-mse,200,200,0.09,0.39352743357720954,0.18640624999999034,0.296285564943662,0.14293950194815222
cifar-vs-dtd,reject,200,7,entropy-2-mse,200,200,0.09,0.39352743357720954,0.17543124999998838,0.3215698492690301,0.16667405167213523
cifar-vs-dtd,reject,200,8,entropy-2-mse,200,200,0.1,0.2704743832803917,0.20995624999999052,0.24963224232318537,0.1375721743906182
cifar-vs-dtd,reject,200,9,entropy-2-mse,200,200,0.08,0.5452713464323318,0.13102499999999395,0.4546364323074399,0.16709685436048272
cifar-vs-dtd,reject,500,0,entropy-2-mse,500,500,0.042,0.7704365372945415,0.07062899999999672,0.749025211334825,0.06379443578570475
cifar-vs-dtd,reject,500,1,entropy-2-mse,500,500,0.092,0.028995961061089214,0.610465999999974,0.021082369011567015,0.0787196368976584
cifar-vs-dtd,reject,500,2,entropy-2-mse,500,500,0.08,0.08150167321107067,0.6878759999999886,0.013623985113209947,0.10111616010570344
cifar-vs-dtd,reject,500,3,entropy-2-mse,500,500,0.082,0.06930076569272504,0.5125229999999874,0.03702538285818091,0.10689576751856218
cifar-vs-dtd,reject,500,4,entropy-2-mse,500,500,0.064,0.25760726053364696,0.17011599999997884,0.33411932112514786,0.07716027276504842
cifar-vs-dtd,reject,500,5,entropy-2-mse,500,500,0.074,0.12939616996710074,0.26714699999999425,0.16793191841039457,0.09169388541055179
cifar-vs-dtd,reject,500,6,entropy-2-mse,500,500,0.054,0.4599232291065006,0.12764299999997775,0.4662039447656937,0.06418882545134592
cifar-vs-dtd,reject,500,7,entropy-2-mse,500,500,0.07,0.1725563396262406,0.510672999999997,0.03742669540616306,0.10725193896183297
cifar-vs-dtd,reject,500,8,entropy-2-mse,500,500,0.044,0.7189191850204419,0.08900199999999359,0.6426179897334632,0.08266327843577329
cifar-vs-dtd,reject,500,9,entropy-2-mse,500,500,0.08,0.08150167321107067,0.28070399999998585,0.1534665746353303,0.08109500375662881
cifar-vs-dtd,reject,1000,0,entropy-2-mse,1000,1000,0.055,0.09710349657052789,0.2707759999999553,0.16384970465225146,0.04370670251837297
cifar-vs-dtd,reject,1000,1,entropy-2-mse,1000,1000,0.062,0.042792013924212634,0.5063617499999964,0.03838020355780247,0.051141009722273485
cifar-vs-dtd,reject,1000,2,entropy-2-mse,1000,1000,0.054,0.1082872208757189,0.5372702500000059,0.03207284191468818,0.04918149418500974
cifar-vs-dtd,reject,1000,3,entropy-2-mse,1000,1000,0.061,0.04839715079181246,0.6812507500000038,0.014142931167844153,0.04655823227077055
cifar-vs-dtd,reject,1000,4,entropy-2-mse,1000,1000,0.065,0.029225323426275904,0.7997004999999717,0.00732471360664444,0.05009978654703988
cifar-vs-dtd,reject,1000,5,entropy-2-mse,1000,1000,0.055,0.09710349657052789,0.47514224999997623,0.046091716718918874,0.06229743766800922
cifar-vs-dtd,reject,1000,6,entropy-2-mse,1000,1000,0.043,0.3136800387320582,0.15775249999995822,0.36703699528420397,0.04391540413273262
cifar-vs-dtd,reject,1000,7,entropy-2-mse,1000,1000,0.063,0.03776014017220749,0.8654407500000048,0.005106391646347519,0.06002118548257768
cifar-vs-dtd,reject,1000,8,entropy-2-mse,1000,1000,0.047,0.21939649929677082,0.3204607499999952,0.11853233311284861,0.04231201917280049
cifar-vs-dtd,reject,1000,9,entropy-2-mse,1000,1000,0.073,0.00967775474446886,0.7318902499999922,0.010660241539734772,0.06758279848937876
cifar-vs-dtd,reject,2000,0,entropy-2-mse,2000,2000,0.0485,0.01809676062737047,0.47803443750001406,0.04531214910856696,0.03276533584792514
cifar-vs-dtd,reject,2000,1,entropy-2-mse,2000,2000,0.055,0.004708470314656832,0.8211897500000305,0.006509374782084909,0.02795632628138406
cifar-vs-dtd,reject,2000,2,entropy-2-mse,2000,2000,0.052,0.008951455390244015,0.825474687499991,0.006357960047716271,0.0375993989558287
cifar-vs-dtd,reject,2000,3,entropy-2-mse,2000,2000,0.05,0.013464654930116565,0.5529388125000878,0.029301202310755614,0.030085958557012134
cifar-vs-dtd,reject,2000,4,entropy-2-mse,2000,2000,0.04,0.08151459289877339,0.38990881250003895,0.07683846529999316,0.029681102543699087
cifar-vs-dtd,reject,2000,5,entropy-2-mse,2000,2000,0.036,0.149691055593586,0.3199193750000404,0.11892577617986888,0.03093485184224681
cifar-vs-dtd,reject,2000,6,entropy-2-mse,2000,2000,0.0535,0.00652148041369766,0.6297935000000052,0.018898749036166507,0.03693857060148134
cifar-vs-dtd,reject,2000,7,entropy-2-mse,2000,2000,0.0575,0.0026815887987270428,1.3745173125000747,0.0003340296166008949,0.03182649925318817
cifar-vs-dtd,reject,2000,8,entropy-2-mse,2000,2000,0.043,0.04953464037142928,0.7198508750000201,0.011400761780175794,0.028617911815084916
cifar-vs-dtd,reject,2000,9,entropy-2-mse,2000,2000,0.0595,0.0016786530421931001,1.0925944374999972,0.001494787301773437,0.04560769627509621
cifar-vs-dtd,reject,4000,0,entropy-2-mse,4000,4000,0.045,0.0006060334688991277,1.4776850625000861,0.00019410219234872184,0.022969240830220852
cifar-vs-dtd,reject,4000,1,entropy-2-mse,4000,4000,0.05025,8.189327169746377e-05,1.8695167500000025,2.5115454935220605e-05,0.02112409187964495
cifar-vs-dtd,reject,4000,2,entropy-2-mse,4000,4000,0.052,4.001009375992417e-05,1.8767011874999753,2.4196447612756522e-05,0.02485773876960486
cifar-vs-dtd,reject,4000,3,entropy-2-mse,4000,4000,0.04975,0.00010003885850567805,2.6736637968751893,4.0008317236939206e-07,0.02527873191548126
cifar-vs-dtd,reject,4000,4,entropy-2-mse,4000,4000,0.0415,0.002035589505965807,1.193397906250084,0.000872545688494597,0.02471486104952356
cifar-vs-dtd,reject,4000,5,entropy-2-mse,4000,4000,0.044,0.0008653429723425927,1.4919451875000505,0.00018009621236925177,0.020752003520043454
cifar-vs-dtd,reject,4000,6,entropy-2-mse,4000,4000,0.04875,0.00014838769129567588,1.2840625000001182,0.0005390433989230781,0.02676779593780937
cifar-vs-dtd,reject,4000,7,entropy-2-mse,4000,4000,0.037,0.008367349551940797,1.3925546093751109,0.000303805405834634,0.020810812755147248
cifar-vs-dtd,reject,4000,8,entropy-2-mse,4000,4000,0.046,0.00042104060210787226,1.6589874999999665,7.511874135357477e-05,0.019778008838912894
cifar-vs-dtd,reject,4000,9,entropy-2-mse,4000,4000,0.03925,0.0042115892208289775,1.0041270625001744,0.002405852066133085,0.020870170553574124
cifar-vs-oneclass,reject,50,0,entropy-2-mse,50,50,0.28,0.039194586195352224,0.5944000000000003,0.023039066304836764,0.42366771693054506
cifar-vs-oneclass,reject,50,1,entropy-2-mse,50,50,0.18,0.3959398631708505,0.15729999999999933,0.37302192130336664,0.3581499765822418
cifar-vs-oneclass,reject,50,2,entropy-2-mse,50,50,0.24,0.11238524845512393,0.3979999999999997,0.07334874391059776,0.30173658630137545
cifar-vs-oneclass,reject,50,3,entropy-2-mse,50,50,0.16,0.5486851446031328,0.15279999999999916,0.3863814604988641,0.3301947675811821
cifar-vs-oneclass,reject,50,4,entropy-2-mse,50,50,0.18,0.3959398631708505,0.2362000000000002,0.2089629146883174,0.3839737771408555
cifar-vs-oneclass,reject,50,5,entropy-2-mse,50,50,0.36,0.002834980581320342,0.8356999999999992,0.005954534384677301,0.47184402863633557
cifar-vs-oneclass,reject,50,6,entropy-2-mse,50,50,0.26,0.06779471096995852,0.7685999999999993,0.008631911660396008,0.39033743645728053
cifar-vs-oneclass,reject,50,7,entropy-2-mse,50,50,0.1,0.9667464356809096,0.051400000000001,0.881529999592669,0.2976168228708715
cifar-vs-oneclass,reject,50,8,entropy-2-mse,50,50,0.26,0.06779471096995852,0.41080000000000183,0.06783856486055728,0.3500305617632
cifar-vs-oneclass,reject,50,9,entropy-2-mse,50,50,0.24,0.11238524845512393,0.2765000000000022,0.1588422676560598,0.30668330098509733
cifar-vs-oneclass,reject,100,0,entropy-2-mse,100,100,0.23,0.009878183186176536,0.6279749999999993,0.019059947026923707,0.3393618211044665
cifar-vs-oneclass,reject,100,1,entropy-2-mse,100,100,0.13,0.36818778606286096,0.1393500000000003,0.4267874858893206,0.29685877279407635
cifar-vs-oneclass,reject,100,2,entropy-2-mse,100,100,0.16,0.1548386665118475,0.47802499999999526,0.04532628893400803,0.25544011938786093
cifar-vs-oneclass,reject,100,3,entropy-2-mse,100,100,0.19,0.05390207893129876,0.5392999999999972,0.0316805315957196,0.26969370454743374
cifar-vs-oneclass,reject,100,4,entropy-2-mse,100,100,0.16,0.1548386665118475,0.525624999999998,0.034297379718808974,0.24764613476004732
cifar-vs-oneclass,reject,100,5,entropy-2-mse,100,100,0.31,0.00012016164291946694,1.3067499999999939,0.00047297108298394175,0.47150523449658155
cifar-vs-oneclass,reject,100,6,entropy-2-mse,100,100,0.18,0.07822115797841851,0.5229749999999953,0.034830189968269365,0.28781685400178536
cifar-vs-oneclass,reject,100,7,entropy-2-mse,100,100,0.18,0.07822115797841851,0.5142249999999962,0.03665207157396999,0.272760348063736
cifar-vs-oneclass,reject,100,8,entropy-2-mse,100,100,0.19,0.05390207893129876,0.38544999999999874,0.07909344406015961,0.2539772121700531
cifar-vs-oneclass,reject,100,9,entropy-2-mse,100,100,0.14,0.2819416298082479,0.22944999999999993,0.2180225847251267,0.26474153344143353
cifar-vs-oneclass,reject,200,0,entropy-2-mse,200,200,0.17,0.006094418258803505,0.9859249999999946,0.002645970574218226,0.16596733172155245
cifar-vs-oneclass,reject,200,1,entropy-2-mse,200,200,0.175,0.004304993380033157,1.1946624999999926,0.0008628525218642435,0.16870146982425355
cifar-vs-oneclass,reject,200,2,entropy-2-mse,200,200,0.155,0.016258459276759563,0.7094062500000007,0.012068106764301145,0.13972785465919627
cifar-vs-oneclass,reject,200,3,entropy-2-mse,200,200,0.17,0.006094418258803505,0.7446812499999993,0.009915334445158797,0.21816379496249125
cifar-vs-oneclass,reject,200,4,entropy-2-mse,200,200,0.21,0.0002829222008740643,1.61592499999999,9.341228627424147e-05,0.20691160333732375
cifar-vs-oneclass,reject,200,5,entropy-2-mse,200,200,0.295,4.448673570292354e-08,2.0412125000000003,1.0224755218946058e-05,0.2767332356316777
cifar-vs-oneclass,reject,200,6,entropy-2-mse,200,200,0.215,0.00018395764501293307,1.7173687499999915,5.498143467908001e-05,0.2083315345432241
cifar-vs-oneclass,reject,200,7,entropy-2-mse,200,200,0.205,0.0004306111484986726,1.2876687499999946,0.0005262013673958954,0.1836374267798564
cifar-vs-oneclass,reject,200,8,entropy-2-mse,200,200,0.17,0.006094418258803505,1.0459499999999906,0.001913795339865243,0.16683252742044316
cifar-vs-oneclass,reject,200,9,entropy-2-mse,200,200,0.15,0.0220923622208589,0.6644812499999944,0.015524356582087395,0.279368794257497
cifar-vs-oneclass,reject,500,0,entropy-2-mse,500,500,0.162,3.826456804356892e-06,2.4468759999999747,1.2729438481073885e-06,0.11582968595966567
cifar-vs-oneclass,reject,500,1,entropy-2-mse,500,500,0.164,2.7547859124150135e-06,3.067986999999988,5.3176282488465176e-08,0.12094904445484078
cifar-vs-oneclass,reject,500,2,entropy-2-mse,500,500,0.172,7.102426261651666e-07,2.9193559999999934,1.134544325154252e-07,0.16932515860013828
cifar-vs-oneclass,reject,500,3,entropy-2-mse,500,500,0.182,1.1893503543157425e-07,2.5607789999999966,7.097571521619273e-07,0.13191583727859524
cifar-vs-oneclass,reject,500,4,entropy-2-mse,500,500,0.17,1.0028968167055124e-06,2.6682469999999796,4.0932571399032724e-07,0.1161227617275967
cifar-vs-oneclass,reject,500,5,entropy-2-mse,500,500,0.192,1.796150290481388e-08,3.04745299999999,5.9041158628758694e-08,0.16809470991165323
cifar-vs-oneclass,reject,500,6,entropy-2-mse,500,500,0.162,3.826456804356892e-06,2.5696889999999826,6.780834033159877e-07,0.10962824186346261
cifar-vs-oneclass,reject,500,7,entropy-2-mse,500,500,0.212,2.9997941681975455e-10,4.3916169999999966,6.736045055077966e-11,0.14023728110063133
cifar-vs-oneclass,reject,500,8,entropy-2-mse,500,500,0.15,2.521544567318862e-05,2.4013029999999844,1.6085720553338234e-06,0.10097420360965631
cifar-vs-oneclass,reject,500,9,entropy-2-mse,500,500,0.142,8.166923754298366e-05,1.899899999999974,2.1385078310842687e-05,0.09164681298300377
cifar-vs-oneclass,reject,1000,0,entropy-2-mse,1000,1000,0.151,2.3211878296314437e-10,5.011724249999986,5.098632627209554e-11,0.10282721108739112
cifar-vs-oneclass,reject,1000,1,entropy-2-mse,1000,1000,0.151,2.3211878296314437e-10,4.980730249999965,4.558131649901043e-11,0.10172971615078098
cifar-vs-oneclass,reject,1000,2,entropy-2-mse,1000,1000,0.133,3.979777583324821e-08,4.149905999999987,2.2153079370923479e-10,0.09300845703206892
cifar-vs-oneclass,reject,1000,3,entropy-2-mse,1000,1000,0.154,9.23442040824848e-11,4.838788749999992,2.9580449201205283e-11,0.09617705986418668
cifar-vs-oneclass,reject,1000,4,entropy-2-mse,1000,1000,0.168,9.803857095159588e-13,5.750902249999967,7.136354840397985e-10,0.10758881471232423
cifar-vs-oneclass,reject,1000,5,entropy-2-mse,1000,1000,0.171,3.5127087833331994e-13,5.6392192499999965,4.968779832026371e-10,0.12678237159658223
cifar-vs-oneclass,reject,1000,6,entropy-2-mse,1000,1000,0.157,3.6066664818887265e-11,4.669818249999992,2.6385227336334083e-11,0.08116775054704833
cifar-vs-oneclass,reject,1000,7,entropy-2-mse,1000,1000,0.183,4.808958234324042e-15,6.993271749999963,1.922186854130814e-10,0.09650703214325408
cifar-vs-oneclass,reject,1000,8,entropy-2-mse,1000,1000,0.156,4.944209857281109e-11,5.218597499999987,1.115390002581762e-10,0.08603509749902633
cifar-vs-oneclass,reject,1000,9,entropy-2-mse,1000,1000,0.123,5.214702601499457e-07,3.405900499999973,9.575536585870736e-09,0.08743117602795357
cifar-vs-oneclass,reject,2000,0,entropy-2-mse,2000,2000,0.1315,1.7432897716804928e-15,7.861660625000013,1.651721204254386e-09,0.06940158039565526
cifar-vs-oneclass,reject,2000,1,entropy-2-mse,2000,2000,0.142,5.3936812397434335e-18,9.080207437500007,3.19654192004748e-10,0.07613370646053082
cifar-vs-oneclass,reject,2000,2,entropy-2-mse,2000,2000,0.1255,3.871180232832529e-14,7.7077188125000475,1.1680487688181529e-09,0.079422395559934
cifar-vs-oneclass,reject,2000,3,entropy-2-mse,2000,2000,0.1385,3.8910250950483934e-17,9.084524625000086,3.2253644199897735e-10,0.0736258138516005
cifar-vs-oneclass,reject,2000,4,entropy-2-mse,2000,2000,0.136,1.54798728531614e-16,8.382910375000051,6.647293826489431e-11,0.06816293388754512
cifar-vs-oneclass,reject,2000,5,entropy-2-mse,2000,2000,0.1495,6.603706674398051e-20,9.32598100000007,5.258847801670186e-10,0.08243413520955963
cifar-vs-oneclass,reject,2000,6,entropy-2-mse,2000,2000,0.154,4.212888961576606e-21,10.896969624999997,1.8741153073875694e-10,0.08598972614786042
cifar-vs-oneclass,reject,2000,7,entropy-2-mse,2000,2000,0.1705,8.581313841989935e-26,12.940708875000041,3.992354558057798e-09,0.08995496400813376
cifar-vs-oneclass,reject,2000,8,entropy-2-mse,2000,2000,0.142,5.3936812397434335e-18,8.751555000000053,1.572871832777878e-10,0.0727314071549345
cifar-vs-oneclass,reject,2000,9,entropy-2-mse,2000,2000,0.138,5.13913233261322e-17,8.700158187500051,1.400990434774485e-10,0.08115410729904353
cifar-vs-oneclass,reject,4000,0,entropy-2-mse,4000,4000,0.152,1.0335962225773004e-40,21.16230723437502,2.2483591655131363e-09,0.07679857527264469
cifar-vs-oneclass,reject,4000,1,entropy-2-mse,4000,4000,0.15775,7.86349246166918e-44,23.88986848437503,1.4055097086185242e-09,0.09221085362465711
cifar-vs-oneclass,reject,4000,2,entropy-2-mse,4000,4000,0.133,3.052977599119597e-31,16.605721718750146,5.3826831880599e-10,0.06640484742427967
cifar-vs-oneclass,reject,4000,3,entropy-2-mse,4000,4000,0.15625,5.254670518701564e-43,22.399989140625166,5.683824078062116e-09,0.07902334307945842
cifar-vs-oneclass,reject,4000,4,entropy-2-mse,4000,4000,0.149,3.933964269752371e-39,19.88014360937518,7.630722720364247e-10,0.07188209072117323
cifar-vs-oneclass,reject,4000,5,entropy-2-mse,4000,4000,0.15925,1.1552333297138185e-44,23.02281815624997,8.733828438245439e-09,0.08431874780099524
cifar-vs-oneclass,reject,4000,6,entropy-2-mse,4000,4000,0.14325,3.425569503875491e-36,19.789991265625076,7.035775295705093e-10,0.0763263913810866
cifar-vs-oneclass,reject,4000,7,entropy-2-mse,4000,4000,0.161,1.204379672221773e-45,22.80810060937506,7.551248293324875e-09,0.08625696376165998
cifar-vs-oneclass,reject,4000,8,entropy-2-mse,4000,4000,0.14975,1.5948114338948223e-39,19.74935139062518,6.781349926043845e-10,0.0744001819362299
cifar-vs-oneclass,reject,4000,9,entropy-2-mse,4000,4000,0.13525,2.6915664211220515e-32,17.71835440625,1.689225315182341e-09,0.07192007737459878
cifar-vs-uniform,reject,50,0,entropy-2-mse,50,50,0.32,0.011511738725894704,1.1643000000000008,0.0010005673345288013,0.6883518360253623
cifar-vs-uniform,reject,50,1,entropy-2-mse,50,50,0.3,0.02170784069014051,0.9085999999999999,0.003990782705761808,0.65870912060357
cifar-vs-uniform,reject,50,2,entropy-2-mse,50,50,0.34,0.005841778142694731,0.9754000000000005,0.002772738687292331,0.5798657760274726
cifar-vs-uniform,reject,50,3,entropy-2-mse,50,50,0.38,0.0013147736033165794,1.2834000000000003,0.000529552864423577,0.6823918000125246
cifar-vs-uniform,reject,50,4,entropy-2-mse,50,50,0.36,0.002834980581320342,0.9953000000000003,0.0024887233887209703,0.5676906955666756
cifar-vs-uniform,reject,50,5,entropy-2-mse,50,50,0.44,9.909301386655972e-05,1.0732,0.0016329491803233065,0.4666839258048999
cifar-vs-uniform,reject,50,6,entropy-2-mse,50,50,0.4,0.0005822568814776493,0.9859000000000009,0.0026190021107924677,0.6465288710393465
cifar-vs-uniform,reject,50,7,entropy-2-mse,50,50,0.3,0.02170784069014051,0.7269000000000005,0.010890583632160444,0.4319118871782947
cifar-vs-uniform,reject,50,8,entropy-2-mse,50,50,0.28,0.039194586195352224,0.6030000000000015,0.021932509695376634,0.49469187567907025
cifar-vs-uniform,reject,50,9,entropy-2-mse,50,50,0.3,0.02170784069014051,0.7263000000000019,0.010927179342945514,0.5609008480553553
cifar-vs-uniform,reject,100,0,entropy-2-mse,100,100,0.33,3.211428734211389e-05,2.070425,8.699905422737686e-06,0.782303462807026
cifar-vs-uniform,reject,100,1,entropy-2-mse,100,100,0.36,3.751914289152195e-06,2.2212749999999986,3.988519882147656e-06,0.8224622417753227
cifar-vs-uniform,reject,100,2,entropy-2-mse,100,100,0.36,3.751914289152195e-06,1.9326749999999961,1.7771669746924346e-05,0.602059100351134
cifar-vs-uniform,reject,100,3,entropy-2-mse,100,100,0.3,0.0002248739317492479,1.8815249999999963,2.318294122449771e-05,0.6312494519745924
cifar-vs-uniform,reject,100,4,entropy-2-mse,100,100,0.36,3.751914289152195e-06,2.2360749999999996,3.6951604540647054e-06,0.767028977149455
cifar-vs-uniform,reject,100,5,entropy-2-mse,100,100,0.35,7.850159128072286e-06,1.7068749999999966,5.7609321117646495e-05,0.615589206946425
cifar-vs-uniform,reject,100,6,entropy-2-mse,100,100,0.38,8.001543644272532e-07,2.2560999999999964,3.3323873769308676e-06,0.804060495640315
cifar-vs-uniform,reject,100,7,entropy-2-mse,100,100,0.32,6.281176788972264e-05,1.7752999999999943,4.030749591299454e-05,0.6924816765743848
cifar-vs-uniform,reject,100,8,entropy-2-mse,100,100,0.3,0.0002248739317492479,1.418025,0.00026248173389464835,0.6332873949412177
cifar-vs-uniform,reject,100,9,entropy-2-mse,100,100,0.31,0.00012016164291946694,1.6486499999999964,7.811372282406914e-05,0.6880782062111399
cifar-vs-uniform,reject,200,0,entropy-2-mse,200,200,0.325,9.594235055800515e-10,4.183587500000002,1.8365109433204907e-10,1.0352672191198782
cifar-vs-uniform,reject,200,1,entropy-2-mse,200,200,0.295,4.448673570292354e-08,3.905468749999997,8.971625664599969e-10,0.9946288166167472
cifar-vs-uniform,reject,200,2,entropy-2-mse,200,200,0.315,3.602472544567432e-09,3.664874999999995,2.570749280117468e-09,0.9384071965545745
cifar-vs-uniform,reject,200,3,entropy-2-mse,200,200,0.285,1.4639479233432268e-07,3.625824999999992,3.116985447526588e-09,0.9208251968752026
cifar-vs-uniform,reject,200,4,entropy-2-mse,200,200,0.345,5.951062636424447e-11,4.2120125,1.5930845531642035e-10,0.940268283175482
cifar-vs-uniform,reject,200,5,entropy-2-mse,200,200,0.3,2.4125498977354686e-08,2.824837500000001,1.8216835617757e-07,0.7972958393828763
cifar-vs-uniform,reject,200,6,entropy-2-mse,200,200,0.32,1.8694649189611297e-09,3.6616874999999993,2.611261540330645e-09,0.9333664041677195
cifar-vs-uniform,reject,200,7,entropy-2-mse,200,200,0.315,3.602472544567432e-09,3.7573437499999898,1.6512657907696848e-09,0.9198751698874532
cifar-vs-uniform,reject,200,8,entropy-2-mse,200,200,0.315,3.602472544567432e-09,3.2803124999999937,1.785737235859841e-08,0.8200290852283343
cifar-vs-uniform,reject,200,9,entropy-2-mse,200,200,0.305,1.2940880677508261e-08,3.079531249999988,4.96425370810627e-08,0.9359936072082151
cifar-vs-uniform,reject,500,0,entropy-2-mse,500,500,0.298,5.515796283285929e-20,8.855086999999997,1.99137262235638e-10,1.1551376806182172
cifar-vs-uniform,reject,500,1,entropy-2-mse,500,500,0.304,8.571698063428211e-21,9.585211999999984,8.705023368804632e-10,1.322438059623127
cifar-vs-uniform,reject,500,2,entropy-2-mse,500,500,0.31,1.2803227208484007e-21,9.113630999999998,3.448815677487005e-10,1.2027496008036282
cifar-vs-uniform,reject,500,3,entropy-2-mse,500,500,0.292,3.4120200167394435e-19,7.470766999999995,6.707631117208734e-10,1.132069050959574
cifar-vs-uniform,reject,500,4,entropy-2-mse,500,500,0.32,4.9277327086493116e-23,10.078907999999984,2.0925184918141326e-09,1.3033590849583947
cifar-vs-uniform,reject,500,5,entropy-2-mse,500,500,0.306,4.568071862286397e-21,7.897276999999974,1.9061197065184388e-11,0.9696657947890293
cifar-vs-uniform,reject,500,6,entropy-2-mse,500,500,0.32,4.9277327086493116e-23,8.788098999999988,1.7182100187085325e-10,1.1698087340257204
cifar-vs-uniform,reject,500,7,entropy-2-mse,500,500,0.27,1.9464738383648577e-16,7.709823,1.1810278310875333e-09,1.0374340768774544
cifar-vs-uniform,reject,500,8,entropy-2-mse,500,500,0.314,3.525557330769207e-22,8.339745999999991,6.023492815643294e-11,1.0668149113811451
cifar-vs-uniform,reject,500,9,entropy-2-mse,500,500,0.294,1.8668548468713493e-19,8.33149899999998,5.902267563584473e-11,1.1733384610004685
cifar-vs-uniform,reject,1000,0,entropy-2-mse,1000,1000,0.283,1.1405545071561369e-35,16.70168474999997,5.995771656941429e-10,1.312098171351593
cifar-vs-uniform,reject,1000,1,entropy-2-mse,1000,1000,0.305,1.866671893947957e-41,18.12199149999998,2.4791806385593418e-09,1.5216098606356394
cifar-vs-uniform,reject,1000,2,entropy-2-mse,1000,1000,0.305,1.866671893947957e-41,18.710027249999996,4.192624802890066e-09,1.4014777037145731
cifar-vs-uniform,reject,1000,3,entropy-2-mse,1000,1000,0.269,3.1690847643253713e-32,15.287949999999967,2.6746056480675406e-09,1.334603146746428
cifar-vs-uniform,reject,1000,4,entropy-2-mse,1000,1000,0.294,1.6656399989720174e-38,18.07893224999998,2.3824558992302514e-09,1.5188805086263826
cifar-vs-uniform,reject,1000,5,entropy-2-mse,1000,1000,0.299,7.847683261668956e-40,16.93237174999996,7.672157353866282e-10,1.3556196145739798
cifar-vs-uniform,reject,1000,6,entropy-2-mse,1000,1000,0.307,5.274648198989292e-42,16.935580249999987,7.69815322598788e-10,1.3861853542841291
cifar-vs-uniform,reject,1000,7,entropy-2-mse,1000,1000,0.283,1.1405545071561369e-35,16.339118749999955,4.013497312271852e-10,1.4120593846906302
cifar-vs-uniform,reject,1000,8,entropy-2-mse,1000,1000,0.299,7.847683261668956e-40,16.767379000000005,6.436258193076583e-10,1.334435433693884
cifar-vs-uniform,reject,1000,9,entropy-2-mse,1000,1000,0.297,2.6812226078034614e-39,17.404070999999988,1.244866654204202e-09,1.394444887635567
cifar-vs-uniform,reject,2000,0,entropy-2-mse,2000,2000,0.3085,1.9647561164544317e-84,37.22279800000001,3.4173247565050247e-09,1.6092106099645673
cifar-vs-uniform,reject,2000,1,entropy-2-mse,2000,2000,0.31,2.886862633563655e-85,36.654852000000005,1.7812697761243612e-08,1.683730334899802
cifar-vs-uniform,reject,2000,2,entropy-2-mse,2000,2000,0.31,2.886862633563655e-85,38.1003723125001,4.9728510198576714e-09,1.6611014919467688
cifar-vs-uniform,reject,2000,3,entropy-2-mse,2000,2000,0.285,6.03593189507636e-72,31.965629000000035,1.6075206832333322e-08,1.54627448940881
cifar-vs-uniform,reject,2000,4,entropy-2-mse,2000,2000,0.3205,3.228161756418116e-91,38.155132374999994,5.087776755452467e-09,1.705118133307524
cifar-vs-uniform,reject,2000,5,entropy-2-mse,2000,2000,0.3135,3.163840364634017e-87,37.96722012500004,4.702849110138629e-09,1.7984312410414258
cifar-vs-uniform,reject,2000,6,entropy-2-mse,2000,2000,0.2985,5.441374996629478e-79,34.20360606250006,6.216123171753907e-09,1.5241493746142942
cifar-vs-uniform,reject,2000,7,entropy-2-mse,2000,2000,0.283,6.2385613900894284e-71,34.05000456250002,5.790610435596477e-09,1.6399637118886883
cifar-vs-uniform,reject,2000,8,entropy-2-mse,2000,2000,0.3085,1.9647561164544317e-84,33.265501000000086,3.9911146609838966e-09,1.4699849012461899
cifar-vs-uniform,reject,2000,9,entropy-2-mse,2000,2000,0.304,5.83529741963499e-82,35.71041475000004,1.2073928190581285e-08,1.569905401243521
cifar-vs-uniform,reject,4000,0,entropy-2-mse,4000,4000,0.30825,3.4729659720120514e-168,74.70964937500003,1.351138334548807e-08,1.8945028136826576
cifar-vs-uniform,reject,4000,1,entropy-2-mse,4000,4000,0.304,1.621977930694723e-163,73.06945054687503,3.572360995907076e-08,1.8916502862466056
cifar-vs-uniform,reject,4000,2,entropy-2-mse,4000,4000,0.3115,8.380179837911376e-172,72.7823736093751,3.380521496065825e-08,1.890902007642934
cifar-vs-uniform,reject,4000,3,entropy-2-mse,4000,4000,0.2885,4.5186130239119355e-147,67.16277070312503,1.046155129191817e-08,1.76226179741474
cifar-vs-uniform,reject,4000,4,entropy-2-mse,4000,4000,0.3065,2.963174579471311e-166,71.99495335937513,2.8991938294531394e-08,1.8492098228640212
cifar-vs-uniform,reject,4000,5,entropy-2-mse,4000,4000,0.2975,1.6509573267859506e-156,72.04059542187497,2.9253819588959118e-08,1.9144771220512695
cifar-vs-uniform,reject,4000,6,entropy-2-mse,4000,4000,0.3145,3.5318846912986003e-175,72.84993521875003,3.424851979794141e-08,1.8735326398705967
cifar-vs-uniform,reject,4000,7,entropy-2-mse,4000,4000,0.2905,3.8407909670852243e-149,68.14306273437501,1.3012125266165242e-08,1.7868204270770789
cifar-vs-uniform,reject,4000,8,entropy-2-mse,4000,4000,0.301,2.9135083377548716e-160,67.77840357812511,1.2006421967747372e-08,1.796254429572993
cifar-vs-uniform,reject,4000,9,entropy-2-mse,4000,4000,0.304,1.621977930694723e-163,71.51116412500005,2.6338063174868864e-08,1.7854897435361439
